,startTime,stopTime,whichEye
0,1.191,1.413,L
0,1.191,1.413,R
1,2.921,3.072,R
1,2.921,3.072,L
2,4.444,4.583,L
2,4.444,4.583,R
3,4.984,5.189,R
3,4.984,5.189,L
4,6.324,6.468,L
4,6.324,6.468,R
5,7.384,7.58,R
5,7.384,7.58,L
6,8.741,8.96,L
6,8.741,8.96,R
7,10.232,10.452,R
7,10.232,10.452,L
8,11.032,11.216,L
8,11.032,11.216,R
9,11.613,11.806,R
9,11.613,11.806,L
10,11.919,12.16,R
10,11.919,12.16,L
11,12.462,12.689,L
11,12.462,12.689,R
12,13.074,13.305,R
12,13.074,13.305,L
13,13.427,13.637,L
13,13.427,13.637,R
14,14.035,14.268,L
14,14.035,14.268,R
15,14.853,15.04,L
15,14.853,15.04,R
16,15.657,15.861,R
16,15.657,15.861,L
17,16.737,16.881,R
17,16.737,16.881,L
18,18.147,18.338,L
18,18.147,18.338,R
19,19.408,19.576,R
19,19.408,19.576,L
20,21.25,21.417,L
20,21.25,21.417,R
21,21.85,22.022,R
21,21.85,22.022,L
22,22.361,22.557,L
22,22.361,22.557,R
23,22.991,23.192,R
23,22.991,23.192,L
24,23.284,23.455,L
24,23.284,23.455,R
25,24.787,24.926,R
25,24.787,24.926,L
26,25.878,26.061,R
26,25.878,26.061,L
27,27.071,27.264,L
27,27.071,27.264,R
28,28.651,28.841,L
28,28.651,28.841,R
29,29.785,29.971,R
29,29.785,29.971,L
30,30.324,30.554,R
30,30.324,30.554,L
31,31.077,31.271,L
31,31.077,31.271,R
32,31.654,31.858,R
32,31.654,31.858,L
33,32.047,32.218,L
33,32.047,32.218,R
34,32.471,32.662,R
34,32.471,32.662,L
35,32.759,32.985,L
35,32.759,32.985,R
36,33.21,33.411,R
36,33.21,33.411,L
37,33.534,33.751,L
37,33.534,33.751,R
38,33.906,34.408,R
38,33.906,34.408,L
39,34.643,34.849,L
39,34.643,34.849,R
40,35.039,35.238,R
40,35.039,35.238,L
41,35.74,35.939,L
41,35.74,35.939,R
42,36.113,36.345,R
42,36.113,36.345,L
43,36.581,36.671,L
43,36.581,36.671,R
44,36.791,36.82,R
44,36.791,36.82,L
45,36.942,37.14,L
45,36.942,37.14,R
46,37.248,37.473,R
46,37.248,37.473,L
47,37.695,37.907,L
47,37.695,37.907,R
48,38.279,38.482,L
48,38.279,38.482,R
49,39.765,39.975,R
49,39.765,39.975,L
50,40.633,40.684,L
50,40.633,40.684,R
51,40.7,40.934,L
51,40.7,40.934,R
52,41.884,42.072,R
52,41.884,42.072,L
53,42.564,42.718,R
53,42.564,42.718,L
54,43.239,43.447,R
54,43.239,43.447,L
55,43.911,44.088,L
55,43.911,44.088,R
56,44.498,44.686,L
56,44.498,44.686,R
57,45.042,45.265,L
57,45.042,45.265,R
58,45.362,45.523,L
58,45.362,45.523,R
59,46.204,46.349,R
59,46.204,46.349,L
60,47.162,47.297,L
60,47.162,47.297,R
61,47.414,47.905,L
61,47.414,47.905,R
62,48.682,48.821,L
62,48.682,48.821,R
63,49.647,49.832,R
63,49.647,49.832,L
64,49.933,50.089,R
64,49.933,50.089,L
65,50.753,50.911,L
65,50.753,50.911,R
66,51.442,51.617,R
66,51.442,51.617,L
67,52.038,52.209,L
67,52.038,52.209,R
68,52.908,53.09,R
68,52.908,53.09,L
69,53.401,53.586,L
69,53.401,53.586,R
70,54.434,54.615,R
70,54.434,54.615,L
71,55.261,55.417,L
71,55.261,55.417,R
72,55.827,55.976,R
72,55.827,55.976,L
73,56.533,56.71,L
73,56.533,56.71,R
74,57.219,57.369,L
74,57.219,57.369,R
75,57.875,58.05,R
75,57.875,58.05,L
76,58.44,58.626,R
76,58.44,58.626,L
77,58.99,59.163,L
77,58.99,59.163,R
78,59.295,59.491,L
78,59.295,59.491,R
79,59.912,60.123,L
79,59.912,60.123,R
80,60.967,61.152,R
80,60.967,61.152,L
81,61.623,61.796,R
81,61.623,61.796,L
82,62.487,62.672,R
82,62.487,62.672,L
83,63.173,64.622,L
83,63.173,64.622,R
84,65.561,65.752,L
84,65.561,65.752,R
85,67.87,68.055,R
85,67.87,68.055,L
86,68.407,68.59,L
86,68.407,68.59,R
87,70.515,70.693,R
87,70.515,70.693,L
88,72.458,72.626,L
88,72.458,72.626,R
89,73.331,73.5,R
89,73.331,73.5,L
90,75.51,76.139,R
90,75.51,76.139,L
91,76.395,76.551,L
91,76.395,76.551,R
92,76.982,77.147,L
92,76.982,77.147,R
93,77.285,77.464,R
93,77.285,77.464,L
94,78.279,78.448,L
94,78.279,78.448,R
95,78.99,79.197,R
95,78.99,79.197,L
96,79.982,80.127,L
96,79.982,80.127,R
97,81.001,81.162,R
97,81.001,81.162,L
98,83.628,83.793,L
98,83.628,83.793,R
99,84.16,84.359,R
99,84.16,84.359,L
100,85.016,85.207,R
100,85.016,85.207,L
101,86.152,86.328,L
101,86.152,86.328,R
102,86.89,87.095,L
102,86.89,87.095,R
103,87.645,87.863,R
103,87.645,87.863,L
104,88.731,88.913,L
104,88.731,88.913,R
105,89.635,89.793,R
105,89.635,89.793,L
106,90.4,90.562,R
106,90.4,90.562,L
107,90.728,90.907,L
107,90.728,90.907,R
108,91.307,91.508,L
108,91.307,91.508,R
109,92.137,92.335,R
109,92.137,92.335,L
110,93.108,93.255,R
110,93.108,93.255,L
111,93.756,93.947,R
111,93.756,93.947,L
112,94.517,94.72,R
112,94.517,94.72,L
113,95.561,95.754,L
113,95.561,95.754,R
114,96.914,97.115,L
114,96.914,97.115,R
115,98.102,98.249,R
115,98.102,98.249,L
116,98.668,98.862,L
116,98.668,98.862,R
117,99.175,99.383,L
117,99.175,99.383,R
118,99.939,100.131,R
118,99.939,100.131,L
119,100.909,101.099,L
119,100.909,101.099,R
120,101.857,102.008,R
120,101.857,102.008,L
121,102.493,102.694,L
121,102.493,102.694,R
122,103.516,103.728,L
122,103.516,103.728,R
123,104.469,104.667,L
123,104.469,104.667,R
124,105.339,105.55,R
124,105.339,105.55,L
125,105.956,106.448,L
125,105.956,106.448,R
126,106.597,106.77,L
126,106.597,106.77,R
127,107.111,107.288,R
127,107.111,107.288,L
128,108.098,108.255,L
128,108.098,108.255,R
129,108.763,108.923,R
129,108.763,108.923,L
130,109.683,109.898,L
130,109.683,109.898,R
131,110.015,110.264,R
131,110.015,110.264,L
132,110.395,110.571,R
132,110.395,110.571,L
133,110.993,111.483,L
133,110.993,111.483,R
134,111.977,112.151,R
134,111.977,112.151,L
135,112.903,113.064,L
135,112.903,113.064,R
136,113.695,113.883,R
136,113.695,113.883,L
137,114.468,114.95,L
137,114.468,114.95,R
138,115.284,115.724,R
138,115.284,115.724,L
139,115.936,116.099,L
139,115.936,116.099,R
140,116.372,116.703,R
140,116.372,116.703,L
141,117.375,117.507,L
141,117.375,117.507,R
142,117.674,117.84,R
142,117.674,117.84,L
143,118.337,118.46,L
143,118.337,118.46,R
144,119.648,119.851,R
144,119.648,119.851,L
145,120.542,120.73,L
145,120.542,120.73,R
146,121.452,121.62,R
146,121.452,121.62,L
147,122.592,122.816,L
147,122.592,122.816,R
148,124.099,124.231,R
148,124.099,124.231,L
149,124.565,124.74,L
149,124.565,124.74,R
150,125.661,125.825,R
150,125.661,125.825,L
151,126.382,126.595,L
151,126.382,126.595,R
152,127.197,127.378,R
152,127.197,127.378,L
153,127.881,128.034,L
153,127.881,128.034,R
154,128.685,128.861,R
154,128.685,128.861,L
155,129.374,129.565,L
155,129.374,129.565,R
156,130.165,130.348,R
156,130.165,130.348,L
157,131.246,131.437,L
157,131.246,131.437,R
158,131.545,131.739,R
158,131.545,131.739,L
159,132.144,132.37,L
159,132.144,132.37,R
160,132.518,132.738,R
160,132.518,132.738,L
161,132.839,133.037,L
161,132.839,133.037,R
162,133.202,133.424,R
162,133.202,133.424,L
163,133.693,133.926,L
163,133.693,133.926,R
164,134.103,134.324,R
164,134.103,134.324,L
165,134.758,134.999,L
165,134.758,134.999,R
166,135.395,135.625,R
166,135.395,135.625,L
167,136.035,136.232,L
167,136.035,136.232,R
168,136.627,136.854,R
168,136.627,136.854,L
169,137.136,137.318,L
169,137.136,137.318,R
170,137.636,137.815,L
170,137.636,137.815,R
171,138.016,138.212,R
171,138.016,138.212,L
172,138.443,138.655,L
172,138.443,138.655,R
173,139.08,139.281,R
173,139.08,139.281,L
174,139.644,139.844,L
174,139.644,139.844,R
175,140.095,140.299,R
175,140.095,140.299,L
176,140.449,140.678,L
176,140.449,140.678,R
177,140.829,141.047,R
177,140.829,141.047,L
178,141.203,141.449,L
178,141.203,141.449,R
179,141.56,142.803,R
179,141.56,142.803,L
180,143.111,143.339,L
180,143.111,143.339,R
181,143.49,143.662,R
181,143.49,143.662,L
182,144.113,144.288,L
182,144.113,144.288,R
183,144.461,144.638,R
183,144.461,144.638,L
184,145.118,145.291,L
184,145.118,145.291,R
185,145.435,146.213,R
185,145.435,146.213,L
186,146.666,146.843,L
186,146.666,146.843,R
187,147.872,148.046,R
187,147.872,148.046,L
188,149.54,149.719,L
188,149.54,149.719,R
189,150.237,150.433,R
189,150.237,150.433,L
190,150.847,150.999,L
190,150.847,150.999,R
191,152.275,152.472,L
191,152.275,152.472,R
192,153.256,153.387,L
192,153.256,153.387,R
193,156.27,156.465,L
193,156.27,156.465,R
194,158.804,158.967,R
194,158.804,158.967,L
195,159.402,159.56,L
195,159.402,159.56,R
196,159.847,162.689,L
196,159.847,162.689,R
197,162.918,163.064,L
197,162.918,163.064,R
198,163.596,163.787,R
198,163.596,163.787,L
199,164.371,164.57,L
199,164.371,164.57,R
200,164.927,165.105,R
200,164.927,165.105,L
201,167.086,167.234,L
201,167.086,167.234,R
202,168.452,168.617,R
202,168.452,168.617,L
203,169.605,169.771,L
203,169.605,169.771,R
204,170.499,170.667,R
204,170.499,170.667,L
205,170.824,170.979,L
205,170.824,170.979,R
206,171.098,171.284,R
206,171.098,171.284,L
207,171.52,171.67,L
207,171.52,171.67,R
208,173.346,173.507,R
208,173.346,173.507,L
209,175.185,175.344,L
209,175.185,175.344,R
210,175.571,175.733,R
210,175.571,175.733,L
211,176.743,176.936,L
211,176.743,176.936,R
212,179.402,179.583,L
212,179.402,179.583,R
213,180.177,180.371,R
213,180.177,180.371,L
214,180.558,180.746,L
214,180.558,180.746,R
215,182.166,182.324,R
215,182.166,182.324,L
216,183.411,183.585,L
216,183.411,183.585,R
217,183.762,183.962,R
217,183.762,183.962,L
218,184.212,184.391,L
218,184.212,184.391,R
219,186.583,186.795,R
219,186.583,186.795,L
220,186.938,187.132,R
220,186.938,187.132,L
221,189.959,190.174,L
221,189.959,190.174,R
222,190.298,190.506,R
222,190.298,190.506,L
223,192.733,192.854,R
223,192.733,192.854,L
224,193.141,193.33,L
224,193.141,193.33,R
225,193.731,193.905,R
225,193.731,193.905,L
226,194.726,194.879,L
226,194.726,194.879,R
227,196.209,196.37,R
227,196.209,196.37,L
228,197.189,197.367,L
228,197.189,197.367,R
229,198.198,198.397,R
229,198.198,198.397,L
230,200.889,201.095,L
230,200.889,201.095,R
231,203.512,203.761,R
231,203.512,203.761,L
232,206.826,207.064,L
232,206.826,207.064,R
233,210.475,210.645,R
233,210.475,210.645,L
234,210.782,210.962,R
234,210.782,210.962,L
235,213.672,213.905,L
235,213.672,213.905,R
236,217.175,217.369,L
236,217.175,217.369,R
237,217.52,217.72,R
237,217.52,217.72,L
238,220.796,221.001,R
238,220.796,221.001,L
239,221.266,221.451,L
239,221.266,221.451,R
240,221.653,221.867,R
240,221.653,221.867,L
241,224.327,224.557,L
241,224.327,224.557,R
242,224.861,225.019,R
242,224.861,225.019,L
243,227.403,227.665,L
243,227.403,227.665,R
244,227.883,228.121,R
244,227.883,228.121,L
245,230.428,230.664,L
245,230.428,230.664,R
246,230.782,231.03,L
246,230.782,231.03,R
247,234.025,234.22,R
247,234.025,234.22,L
248,234.605,234.876,L
248,234.605,234.876,R
249,237.075,237.324,R
249,237.075,237.324,L
250,237.424,237.69,L
250,237.424,237.69,R
251,240.243,240.413,R
251,240.243,240.413,L
252,243.287,243.497,L
252,243.287,243.497,R
253,244.775,244.964,R
253,244.775,244.964,L
254,246.29,246.489,L
254,246.29,246.489,R
255,246.605,246.796,R
255,246.605,246.796,L
256,247.171,247.369,L
256,247.171,247.369,R
257,247.683,247.907,R
257,247.683,247.907,L
258,249.136,249.337,L
258,249.136,249.337,R
259,250.417,250.623,R
259,250.417,250.623,L
260,251.253,251.463,L
260,251.253,251.463,R
261,252.025,252.265,R
261,252.025,252.265,L
262,252.691,252.957,L
262,252.691,252.957,R
263,253.122,253.397,R
263,253.122,253.397,L
264,253.493,253.746,L
264,253.493,253.746,R
265,254.139,254.395,R
265,254.139,254.395,L
266,254.7,254.934,R
266,254.7,254.934,L
267,255.355,255.554,L
267,255.355,255.554,R
268,255.721,255.96,R
268,255.721,255.96,L
269,256.217,256.462,L
269,256.217,256.462,R
270,257.664,257.885,R
270,257.664,257.885,L
271,259.194,259.403,L
271,259.194,259.403,R
272,259.963,260.197,R
272,259.963,260.197,L
273,266.782,266.962,L
273,266.782,266.962,R
274,268.481,268.646,L
274,268.481,268.646,R
275,269.457,269.65,R
275,269.457,269.65,L
276,271.265,271.49,L
276,271.265,271.49,R
277,272.354,272.552,R
277,272.354,272.552,L
278,273.165,273.879,L
278,273.165,273.879,R
279,274.201,274.41,R
279,274.201,274.41,L
280,274.837,275.042,L
280,274.837,275.042,R
281,275.6,275.803,R
281,275.6,275.803,L
282,275.948,276.113,L
282,275.948,276.113,R
283,276.329,277.354,R
283,276.329,277.354,L
284,277.574,277.777,L
284,277.574,277.777,R
285,278.403,278.619,R
285,278.403,278.619,L
286,279.036,279.263,L
286,279.036,279.263,R
287,279.387,279.642,R
287,279.387,279.642,L
288,280.169,280.382,L
288,280.169,280.382,R
289,280.493,280.712,R
289,280.493,280.712,L
290,281.339,281.787,L
290,281.339,281.787,R
291,282.331,282.519,R
291,282.331,282.519,L
292,283.032,283.051,L
292,283.032,283.051,R
293,283.507,283.703,R
293,283.507,283.703,L
294,284.034,284.242,L
294,284.034,284.242,R
295,284.501,284.699,R
295,284.501,284.699,L
296,285.002,285.241,L
296,285.002,285.241,R
297,285.378,285.636,R
297,285.378,285.636,L
298,286.104,286.345,L
298,286.104,286.345,R
299,286.766,286.98,R
299,286.766,286.98,L
300,287.213,287.427,L
300,287.213,287.427,R
301,287.875,288.057,R
301,287.875,288.057,L
302,288.957,289.144,L
302,288.957,289.144,R
303,289.339,289.515,R
303,289.339,289.515,L
304,289.688,289.877,L
304,289.688,289.877,R
305,290.214,290.396,R
305,290.214,290.396,L
306,290.614,290.797,L
306,290.614,290.797,R
307,290.927,291.1,R
307,290.927,291.1,L
308,291.238,291.438,L
308,291.238,291.438,R
309,291.664,291.847,R
309,291.664,291.847,L
310,292.23,292.429,R
310,292.23,292.429,L
311,292.837,293.015,L
311,292.837,293.015,R
312,293.139,293.348,R
312,293.139,293.348,L
313,293.706,293.928,L
313,293.706,293.928,R
314,294.105,294.313,R
314,294.105,294.313,L
315,294.64,294.847,L
315,294.64,294.847,R
316,295.137,295.311,R
316,295.137,295.311,L
317,295.556,295.767,L
317,295.556,295.767,R
318,295.972,296.185,R
318,295.972,296.185,L
319,296.54,296.75,L
319,296.54,296.75,R
320,297.249,297.428,L
320,297.249,297.428,R
321,297.563,297.793,R
321,297.563,297.793,L
322,298.359,298.558,R
322,298.359,298.558,L
323,298.908,300.905,L
323,298.908,300.905,R
324,300.989,301.179,R
324,300.989,301.179,L
325,301.277,301.486,L
325,301.277,301.486,R
326,301.81,302.604,R
326,301.81,302.604,L
327,302.736,302.906,L
327,302.736,302.906,R
328,303.422,303.617,R
328,303.422,303.617,L
329,304.107,304.318,L
329,304.107,304.318,R
330,304.471,304.687,R
330,304.471,304.687,L
331,305.222,305.406,L
331,305.222,305.406,R
332,305.521,305.716,R
332,305.521,305.716,L
333,306.117,306.311,L
333,306.117,306.311,R
334,306.662,306.876,R
334,306.662,306.876,L
335,307.252,307.466,R
335,307.252,307.466,L
336,308.096,309.172,R
336,308.096,309.172,L
337,309.337,309.546,R
337,309.337,309.546,L
338,310.036,310.224,R
338,310.036,310.224,L
339,310.841,310.991,L
339,310.841,310.991,R
340,311.276,312.01,R
340,311.276,312.01,L
341,312.366,312.546,L
341,312.366,312.546,R
342,312.675,312.874,L
342,312.675,312.874,R
343,313.131,313.364,R
343,313.131,313.364,L
344,313.834,314.049,L
344,313.834,314.049,R
345,314.332,314.546,R
345,314.332,314.546,L
346,314.92,315.134,L
346,314.92,315.134,R
347,315.358,315.544,R
347,315.358,315.544,L
348,315.687,315.722,L
348,315.687,315.722,R
349,315.882,317.041,R
349,315.882,317.041,L
350,317.167,317.361,L
350,317.167,317.361,R
351,317.542,317.72,R
351,317.542,317.72,L
352,318.167,318.344,L
352,318.167,318.344,R
353,318.544,318.73,R
353,318.544,318.73,L
354,320.736,320.874,L
354,320.736,320.874,R
355,321.481,321.667,R
355,321.481,321.667,L
356,325.083,325.204,L
356,325.083,325.204,R
357,325.754,325.918,R
357,325.754,325.918,L
358,330.289,330.483,L
358,330.289,330.483,R
359,331.333,331.572,R
359,331.333,331.572,L
360,332.303,332.55,L
360,332.303,332.55,R
361,337.953,338.129,R
361,337.953,338.129,L
362,338.438,338.593,L
362,338.438,338.593,R
363,338.761,338.927,R
363,338.761,338.927,L
364,339.431,339.67,L
364,339.431,339.67,R
365,339.87,340.132,R
365,339.87,340.132,L
366,340.334,340.561,L
366,340.334,340.561,R
367,342.803,343.028,R
367,342.803,343.028,L
368,343.213,343.418,L
368,343.213,343.418,R
369,344.293,344.472,R
369,344.293,344.472,L
370,345.487,345.738,R
370,345.487,345.738,L
371,345.868,346.089,L
371,345.868,346.089,R
372,353.671,353.832,R
372,353.671,353.832,L
373,354.42,354.656,L
373,354.42,354.656,R
374,354.785,355.02,R
374,354.785,355.02,L
375,355.45,355.707,L
375,355.45,355.707,R
376,355.827,356.073,R
376,355.827,356.073,L
377,357.098,357.334,L
377,357.098,357.334,R
378,360.71,360.855,L
378,360.71,360.855,R
379,361.263,361.502,R
379,361.263,361.502,L
380,361.667,361.895,R
380,361.667,361.895,L
381,364.674,364.883,L
381,364.674,364.883,R
382,365.033,365.258,R
382,365.033,365.258,L
383,365.991,366.235,L
383,365.991,366.235,R
384,367.041,367.32,R
384,367.041,367.32,L
385,367.741,367.979,L
385,367.741,367.979,R
386,372.154,372.454,L
386,372.154,372.454,R
387,373.327,373.511,R
387,373.327,373.511,L
388,374.997,375.227,L
388,374.997,375.227,R
389,376.759,377.733,R
389,376.759,377.733,L
390,382.076,383.613,L
390,382.076,383.613,R
391,385.032,385.792,R
391,385.032,385.792,L
392,386.542,386.745,L
392,386.542,386.745,R
393,387.143,387.362,R
393,387.143,387.362,L
394,387.654,387.859,L
394,387.654,387.859,R
395,388.482,388.688,R
395,388.482,388.688,L
396,391.009,391.254,R
396,391.009,391.254,L
397,393.848,395.58,L
397,393.848,395.58,R
398,400.58,400.787,R
398,400.58,400.787,L
399,401.323,401.619,L
399,401.323,401.619,R
400,401.72,403.552,L
400,401.72,403.552,R
401,406.397,407.172,R
401,406.397,407.172,L
402,407.927,409.36,L
402,407.927,409.36,R
403,414.482,414.728,R
403,414.482,414.728,L
404,415.243,415.546,L
404,415.243,415.546,R
405,415.666,415.961,L
405,415.666,415.961,R
406,416.235,416.529,R
406,416.235,416.529,L
407,418.847,419.138,L
407,418.847,419.138,R
408,419.3,419.59,R
408,419.3,419.59,L
409,423.153,423.441,L
409,423.153,423.441,R
410,423.537,423.806,R
410,423.537,423.806,L
411,424.248,424.56,L
411,424.248,424.56,R
412,427.018,427.276,R
412,427.018,427.276,L
413,427.444,427.733,L
413,427.444,427.733,R
414,429.599,429.794,R
414,429.599,429.794,L
415,430.536,430.808,L
415,430.536,430.808,R
416,430.932,431.173,R
416,430.932,431.173,L
417,436.894,437.104,L
417,436.894,437.104,R
418,437.374,437.613,L
418,437.374,437.613,R
419,437.713,437.973,L
419,437.713,437.973,R
420,438.544,438.856,R
420,438.544,438.856,L
421,440.599,440.818,R
421,440.599,440.818,L
422,440.958,441.224,R
422,440.958,441.224,L
423,441.661,441.942,L
423,441.661,441.942,R
424,443.729,443.964,L
424,443.729,443.964,R
425,444.22,444.473,R
425,444.22,444.473,L
426,446.41,446.606,L
426,446.41,446.606,R
427,448.054,448.325,L
427,448.054,448.325,R
428,448.482,448.891,L
428,448.482,448.891,R
429,450.696,450.855,R
429,450.696,450.855,L
430,451.361,451.606,L
430,451.361,451.606,R
431,451.737,452.12,L
431,451.737,452.12,R
432,452.913,453.127,R
432,452.913,453.127,L
433,453.913,454.215,L
433,453.913,454.215,R
434,454.381,454.676,R
434,454.381,454.676,L
435,457.69,457.871,L
435,457.69,457.871,R
436,458.285,458.591,R
436,458.285,458.591,L
437,458.86,459.254,L
437,458.86,459.254,R
438,459.579,460.606,R
438,459.579,460.606,L
439,462.402,462.614,R
439,462.402,462.614,L
440,462.944,463.188,L
440,462.944,463.188,R
441,463.643,463.85,R
441,463.643,463.85,L
442,465.792,465.988,L
442,465.792,465.988,R
443,467.133,467.321,R
443,467.133,467.321,L
444,470.074,470.309,L
444,470.074,470.309,R
445,470.751,471.003,R
445,470.751,471.003,L
446,471.291,471.522,L
446,471.291,471.522,R
447,471.92,472.157,R
447,471.92,472.157,L
448,474.458,474.66,L
448,474.458,474.66,R
449,474.852,475.088,R
449,474.852,475.088,L
450,475.774,476.008,R
450,475.774,476.008,L
451,478.438,478.645,L
451,478.438,478.645,R
452,479.231,479.455,R
452,479.231,479.455,L
453,479.584,479.822,R
453,479.584,479.822,L
454,480.321,480.504,L
454,480.321,480.504,R
455,482.383,482.537,R
455,482.383,482.537,L
456,483.032,483.28,R
456,483.032,483.28,L
457,484.054,484.274,R
457,484.054,484.274,L
458,485.677,485.804,L
458,485.677,485.804,R
459,486.924,487.107,R
459,486.924,487.107,L
460,488.355,488.547,L
460,488.355,488.547,R
461,490.986,491.233,R
461,490.986,491.233,L
462,491.381,491.529,L
462,491.381,491.529,R
463,491.628,491.903,R
463,491.628,491.903,L
464,492.238,493.579,L
464,492.238,493.579,R
465,494.752,494.916,R
465,494.752,494.916,L
466,498.081,498.553,R
466,498.081,498.553,L
467,498.946,499.966,L
467,498.946,499.966,R
468,500.3,500.525,L
468,500.3,500.525,R
469,501.152,501.392,R
469,501.152,501.392,L
470,502.198,504.574,L
470,502.198,504.574,R
471,504.975,507.8,L
471,504.975,507.8,R
472,508.279,509.622,R
472,508.279,509.622,L
473,509.934,510.149,R
473,509.934,510.149,L
474,511.313,511.51,L
474,511.313,511.51,R
475,511.899,512.09,L
475,511.899,512.09,R
476,513.554,513.696,R
476,513.554,513.696,L
477,514.643,514.844,L
477,514.643,514.844,R
478,515.078,515.292,R
478,515.078,515.292,L
479,515.738,515.953,L
479,515.738,515.953,R
480,516.302,516.513,R
480,516.302,516.513,L
481,516.972,517.17,L
481,516.972,517.17,R
482,517.614,517.805,R
482,517.614,517.805,L
483,518.205,518.432,L
483,518.205,518.432,R
484,518.861,519.409,R
484,518.861,519.409,L
485,519.565,519.757,L
485,519.565,519.757,R
486,521.487,570.104,R
486,521.487,570.104,L
487,571.665,571.882,L
487,571.665,571.882,R
488,572.631,572.851,R
488,572.631,572.851,L
489,574.674,574.905,L
489,574.674,574.905,R
490,574.99,575.164,R
490,574.99,575.164,L
491,575.532,575.794,L
491,575.532,575.794,R
492,576.056,576.313,L
492,576.056,576.313,R
493,576.778,577.023,L
493,576.778,577.023,R
494,577.762,577.989,R
494,577.762,577.989,L
495,578.477,578.739,R
495,578.477,578.739,L
496,579.525,579.884,L
496,579.525,579.884,R
497,582.3,582.486,R
497,582.3,582.486,L
498,583.744,583.934,L
498,583.744,583.934,R
499,585.796,585.972,R
499,585.796,585.972,L
500,586.779,586.957,L
500,586.779,586.957,R
501,587.096,587.337,R
501,587.096,587.337,L
502,587.55,587.744,L
502,587.55,587.744,R
503,588.312,588.484,R
503,588.312,588.484,L
504,588.63,588.852,L
504,588.63,588.852,R
505,588.955,589.199,R
505,588.955,589.199,L
506,589.299,589.579,L
506,589.299,589.579,R
507,590.173,590.405,R
507,590.173,590.405,L
508,590.516,590.759,L
508,590.516,590.759,R
509,590.938,591.18,R
509,590.938,591.18,L
510,591.424,591.644,L
510,591.424,591.644,R
511,591.83,592.113,R
511,591.83,592.113,L
512,592.563,593.911,L
512,592.563,593.911,R
513,594.287,594.532,R
513,594.287,594.532,L
514,594.922,595.125,L
514,594.922,595.125,R
515,595.392,595.595,R
515,595.392,595.595,L
516,595.79,596.051,L
516,595.79,596.051,R
517,596.172,596.821,R
517,596.172,596.821,L
518,596.965,597.585,L
518,596.965,597.585,R
519,597.792,597.988,R
519,597.792,597.988,L
520,598.192,598.388,L
520,598.192,598.388,R
521,598.548,599.334,R
521,598.548,599.334,L
522,599.57,599.756,L
522,599.57,599.756,R
523,601.956,602.167,R
523,601.956,602.167,L
524,603.034,603.299,L
524,603.034,603.299,R
525,603.474,603.828,R
525,603.474,603.828,L
526,605.563,606.963,L
526,605.563,606.963,R
527,608.744,610.5,R
527,608.744,610.5,L
528,611.96,613.445,L
528,611.96,613.445,R
529,617.48,617.669,R
529,617.48,617.669,L
530,618.213,620.208,L
530,618.213,620.208,R
531,625.172,625.398,R
531,625.172,625.398,L
532,625.92,628.19,L
532,625.92,628.19,R
533,629.949,631.528,R
533,629.949,631.528,L
534,633.5,635.163,L
534,633.5,635.163,R
535,636.926,638.28,R
535,636.926,638.28,L
536,641.203,641.421,L
536,641.203,641.421,R
537,641.855,643.154,R
537,641.855,643.154,L
538,646.415,646.63,L
538,646.415,646.63,R
539,647.476,648.817,R
539,647.476,648.817,L
540,650.361,651.101,L
540,650.361,651.101,R
541,651.568,651.867,R
541,651.568,651.867,L
542,652.073,652.34,L
542,652.073,652.34,R
543,657.269,657.499,R
543,657.269,657.499,L
544,658.004,659.862,L
544,658.004,659.862,R
545,662.117,662.36,R
545,662.117,662.36,L
546,662.653,664.854,L
546,662.653,664.854,R
547,666.891,667.371,R
547,666.891,667.371,L
548,667.84,668.131,L
548,667.84,668.131,R
549,668.426,669.484,R
549,668.426,669.484,L
550,671.541,671.791,L
550,671.541,671.791,R
551,672.22,672.494,L
551,672.22,672.494,R
552,672.739,673.77,R
552,672.739,673.77,L
553,676.786,677.038,L
553,676.786,677.038,R
554,677.443,679.301,R
554,677.443,679.301,L
555,681.384,682.666,L
555,681.384,682.666,R
556,683.086,683.297,R
556,683.086,683.297,L
557,684.723,685.924,L
557,684.723,685.924,R
558,687.657,688.939,R
558,687.657,688.939,L
559,691.431,691.637,L
559,691.431,691.637,R
560,692.115,693.722,R
560,692.115,693.722,L
561,697.666,697.921,L
561,697.666,697.921,R
562,698.579,700.13,R
562,698.579,700.13,L
563,701.646,701.87,L
563,701.646,701.87,R
564,702.189,703.718,R
564,702.189,703.718,L
565,705.132,705.361,L
565,705.132,705.361,R
566,706.355,707.653,R
566,706.355,707.653,L
567,709.11,709.286,L
567,709.11,709.286,R
568,709.766,711.524,R
568,709.766,711.524,L
569,713.455,715.417,L
569,713.455,715.417,R
570,717.003,718.996,R
570,717.003,718.996,L
571,720.512,720.711,L
571,720.512,720.711,R
572,721.565,723.309,R
572,721.565,723.309,L
573,725.002,725.123,L
573,725.002,725.123,R
574,725.746,727.933,R
574,725.746,727.933,L
575,730.551,730.823,L
575,730.551,730.823,R
576,731.658,733.589,R
576,731.658,733.589,L
577,737.732,738.036,L
577,737.732,738.036,R
578,738.469,739.961,R
578,738.469,739.961,L
579,741.958,742.157,L
579,741.958,742.157,R
580,742.712,744.126,R
580,742.712,744.126,L
581,745.984,747.578,L
581,745.984,747.578,R
582,750.443,752.204,R
582,750.443,752.204,L
583,753.675,753.884,L
583,753.675,753.884,R
584,754.274,756.029,R
584,754.274,756.029,L
585,760.849,761.126,L
585,760.849,761.126,R
586,761.471,762.996,R
586,761.471,762.996,L
587,763.346,763.63,L
587,763.346,763.63,R
588,766.442,766.657,R
588,766.442,766.657,L
589,769.921,771.199,L
589,769.921,771.199,R
590,772.729,773.041,R
590,772.729,773.041,L
591,774.347,775.164,L
591,774.347,775.164,R
592,777.104,778.785,R
592,777.104,778.785,L
593,779.852,780.094,L
593,779.852,780.094,R
594,780.868,781.096,R
594,780.868,781.096,L
595,781.418,781.684,L
595,781.418,781.684,R
596,781.803,782.08,R
596,781.803,782.08,L
597,782.561,783.096,L
597,782.561,783.096,R
598,785.339,785.543,R
598,785.339,785.543,L
599,785.847,790.051,L
599,785.847,790.051,R
600,790.203,793.385,R
600,790.203,793.385,L
601,793.619,795.52,L
601,793.619,795.52,R
602,795.768,798.164,R
602,795.768,798.164,L
603,798.813,798.968,L
603,798.813,798.968,R
604,799.517,801.411,R
604,799.517,801.411,L
605,801.508,801.659,L
605,801.508,801.659,R
606,801.805,801.951,R
606,801.805,801.951,L
607,803.833,804.021,L
607,803.833,804.021,R
608,804.249,805.169,R
608,804.249,805.169,L
609,805.72,805.875,L
609,805.72,805.875,R
610,806.051,806.234,R
610,806.051,806.234,L
611,806.997,807.201,L
611,806.997,807.201,R
612,807.453,807.618,R
612,807.453,807.618,L
613,808.973,919.424,R
613,808.973,919.424,L
614,920.031,920.224,L
614,920.031,920.224,R
615,921.462,922.149,R
615,921.462,922.149,L
616,922.887,924.177,L
616,922.887,924.177,R
617,925.803,925.954,R
617,925.803,925.954,L
618,926.831,926.995,L
618,926.831,926.995,R
619,927.406,927.606,R
619,927.406,927.606,L
620,929.332,929.491,L
620,929.332,929.491,R
621,930.283,930.47,R
621,930.283,930.47,L
622,931.897,932.063,L
622,931.897,932.063,R
623,933.067,933.246,R
623,933.067,933.246,L
624,934.07,934.241,R
624,934.07,934.241,L
625,935.163,935.31,L
625,935.163,935.31,R
626,935.578,935.776,L
626,935.578,935.776,R
627,936.455,936.646,R
627,936.455,936.646,L
628,937.325,937.487,R
628,937.325,937.487,L
629,938.658,938.808,R
629,938.658,938.808,L
630,939.083,939.275,R
630,939.083,939.275,L
631,939.978,940.191,L
631,939.978,940.191,R
632,940.79,940.988,R
632,940.79,940.988,L
633,941.463,941.674,L
633,941.463,941.674,R
634,942.927,943.107,R
634,942.927,943.107,L
635,943.912,944.071,L
635,943.912,944.071,R
636,945.287,945.499,L
636,945.287,945.499,R
637,946.417,946.601,L
637,946.417,946.601,R
638,947.169,947.341,R
638,947.169,947.341,L
639,947.743,947.943,L
639,947.743,947.943,R
640,948.428,948.625,R
640,948.428,948.625,L
641,948.84,949.073,L
641,948.84,949.073,R
642,949.845,950.039,R
642,949.845,950.039,L
643,951.656,951.852,L
643,951.656,951.852,R
644,952.455,952.672,R
644,952.455,952.672,L
645,954.048,954.204,L
645,954.048,954.204,R
646,955.086,955.294,R
646,955.086,955.294,L
647,955.671,955.902,L
647,955.671,955.902,R
648,956.432,956.645,R
648,956.432,956.645,L
649,956.815,957.045,L
649,956.815,957.045,R
650,957.348,957.376,R
650,957.348,957.376,L
651,957.398,958.628,L
651,957.398,958.628,R
652,958.854,959.028,R
652,958.854,959.028,L
653,959.619,959.778,L
653,959.619,959.778,R
654,960.233,961.375,R
654,960.233,961.375,L
655,963.162,963.3,L
655,963.162,963.3,R
656,964.313,964.475,R
656,964.313,964.475,L
657,965.045,965.242,L
657,965.045,965.242,R
658,966.582,966.778,R
658,966.582,966.778,L
659,967.664,967.85,L
659,967.664,967.85,R
660,968.433,968.623,R
660,968.433,968.623,L
661,969.524,969.706,L
661,969.524,969.706,R
662,970.078,970.265,R
662,970.078,970.265,L
663,971.017,971.185,L
663,971.017,971.185,R
664,971.725,971.908,R
664,971.725,971.908,L
665,972.183,972.369,L
665,972.183,972.369,R
666,972.758,972.945,R
666,972.758,972.945,L
667,973.101,973.275,L
667,973.101,973.275,R
668,973.479,973.683,R
668,973.479,973.683,L
669,974.504,974.701,L
669,974.504,974.701,R
670,974.81,975.002,R
670,974.81,975.002,L
671,975.126,975.354,R
671,975.126,975.354,L
672,975.52,975.731,L
672,975.52,975.731,R
673,976.12,976.326,R
673,976.12,976.326,L
674,976.611,976.855,L
674,976.611,976.855,R
675,977.249,977.455,R
675,977.249,977.455,L
676,977.763,977.983,L
676,977.763,977.983,R
677,978.632,979.11,R
677,978.632,979.11,L
678,979.763,979.951,R
678,979.763,979.951,L
679,980.491,980.67,L
679,980.491,980.67,R
680,981.18,981.349,R
680,981.18,981.349,L
681,981.689,981.884,L
681,981.689,981.884,R
682,982.315,982.516,R
682,982.315,982.516,L
683,986.76,986.937,L
683,986.76,986.937,R
684,989.228,989.433,R
684,989.228,989.433,L
685,989.712,989.941,R
685,989.712,989.941,L
686,990.593,990.792,L
686,990.593,990.792,R
687,992.169,992.362,R
687,992.169,992.362,L
688,992.893,993.12,L
688,992.893,993.12,R
689,993.879,994.112,R
689,993.879,994.112,L
690,994.74,994.947,L
690,994.74,994.947,R
691,995.554,995.74,R
691,995.554,995.74,L
692,996.418,997.036,L
692,996.418,997.036,R
693,997.277,997.883,R
693,997.277,997.883,L
694,998.433,998.61,L
694,998.433,998.61,R
695,998.768,998.922,R
695,998.768,998.922,L
696,1000.921,1001.197,L
696,1000.921,1001.197,R
697,1001.312,1001.527,R
697,1001.312,1001.527,L
698,1001.737,1002.348,L
698,1001.737,1002.348,R
699,1005.323,1005.49,R
699,1005.323,1005.49,L
700,1005.811,1007.106,L
700,1005.811,1007.106,R
701,1010.844,1012.105,R
701,1010.844,1012.105,L
702,1014.225,1014.41,L
702,1014.225,1014.41,R
703,1015.086,1016.758,R
703,1015.086,1016.758,L
704,1018.216,1019.886,L
704,1018.216,1019.886,R
705,1021.627,1023.226,R
705,1021.627,1023.226,L
706,1025.702,1025.899,L
706,1025.702,1025.899,R
707,1026.325,1026.531,R
707,1026.325,1026.531,L
708,1027.124,1028.603,R
708,1027.124,1028.603,L
709,1030.678,1032.077,R
709,1030.678,1032.077,L
710,1035.069,1035.316,L
710,1035.069,1035.316,R
711,1035.62,1037.314,R
711,1035.62,1037.314,L
712,1039.723,1041.397,L
712,1039.723,1041.397,R
713,1043.036,1044.699,R
713,1043.036,1044.699,L
714,1047.708,1047.923,L
714,1047.708,1047.923,R
715,1048.163,1050.455,R
715,1048.163,1050.455,L
716,1051.895,1052.115,L
716,1051.895,1052.115,R
717,1053.09,1053.377,R
717,1053.09,1053.377,L
718,1053.644,1053.87,L
718,1053.644,1053.87,R
719,1055.397,1055.63,L
719,1055.397,1055.63,R
720,1057.3,1058.474,R
720,1057.3,1058.474,L
721,1060.243,1061.566,L
721,1060.243,1061.566,R
722,1062.881,1064.236,R
722,1062.881,1064.236,L
723,1065.887,1066.095,L
723,1065.887,1066.095,R
724,1066.531,1066.701,R
724,1066.531,1066.701,L
725,1067.264,1068.667,L
725,1067.264,1068.667,R
726,1069.663,1070.739,R
726,1069.663,1070.739,L
727,1070.788,1071.201,L
727,1070.788,1071.201,R
728,1072.545,1072.711,R
728,1072.545,1072.711,L
729,1073.875,1074.071,L
729,1073.875,1074.071,R
730,1074.597,1074.875,R
730,1074.597,1074.875,L
731,1074.998,1075.732,R
731,1074.998,1075.732,L
732,1077.736,1079.065,L
732,1077.736,1079.065,R
733,1080.837,1081.191,R
733,1080.837,1081.191,L
734,1082.148,1083.247,L
734,1082.148,1083.247,R
735,1084.569,1084.785,R
735,1084.569,1084.785,L
736,1085.225,1087.12,L
736,1085.225,1087.12,R
737,1089.268,1089.471,R
737,1089.268,1089.471,L
738,1089.914,1090.198,L
738,1089.914,1090.198,R
739,1090.706,1090.98,R
739,1090.706,1090.98,L
740,1091.044,1092.343,L
740,1091.044,1092.343,R
741,1093.954,1094.204,R
741,1093.954,1094.204,L
742,1094.292,1096.011,L
742,1094.292,1096.011,R
743,1098.818,1099.019,R
743,1098.818,1099.019,L
744,1099.844,1100.12,L
744,1099.844,1100.12,R
745,1100.449,1100.691,R
745,1100.449,1100.691,L
746,1100.755,1102.661,L
746,1100.755,1102.661,R
747,1105.742,1105.991,L
747,1105.742,1105.991,R
748,1106.491,1106.802,L
748,1106.491,1106.802,R
749,1106.935,1107.219,R
749,1106.935,1107.219,L
750,1107.534,1107.796,R
750,1107.534,1107.796,L
751,1107.952,1109.063,R
751,1107.952,1109.063,L
752,1109.973,1110.122,L
752,1109.973,1110.122,R
753,1110.54,1110.767,R
753,1110.54,1110.767,L
754,1110.94,1111.178,L
754,1110.94,1111.178,R
755,1111.582,1112.753,R
755,1111.582,1112.753,L
756,1114.298,1114.461,L
756,1114.298,1114.461,R
757,1114.819,1116.415,R
757,1114.819,1116.415,L
758,1118.097,1118.295,L
758,1118.097,1118.295,R
759,1118.755,1119.059,L
759,1118.755,1119.059,R
760,1119.351,1119.611,R
760,1119.351,1119.611,L
761,1119.962,1121.454,L
761,1119.962,1121.454,R
762,1123.566,1123.759,R
762,1123.566,1123.759,L
763,1124.458,1124.702,L
763,1124.458,1124.702,R
764,1124.914,1125.15,L
764,1124.914,1125.15,R
765,1125.457,1125.706,R
765,1125.457,1125.706,L
766,1126.055,1127.126,L
766,1126.055,1127.126,R
767,1128.116,1128.401,L
767,1128.116,1128.401,R
768,1128.677,1128.972,R
768,1128.677,1128.972,L
769,1130.983,1131.15,L
769,1130.983,1131.15,R
770,1131.566,1131.812,R
770,1131.566,1131.812,L
771,1132.141,1132.454,L
771,1132.141,1132.454,R
772,1136.769,1137.029,R
772,1136.769,1137.029,L
773,1137.724,1138.098,L
773,1137.724,1138.098,R
774,1138.194,1138.447,R
774,1138.194,1138.447,L
775,1138.78,1139.056,L
775,1138.78,1139.056,R
776,1139.23,1139.478,R
776,1139.23,1139.478,L
777,1139.896,1140.908,L
777,1139.896,1140.908,R
778,1141.178,1141.453,R
778,1141.178,1141.453,L
779,1144.726,1145.762,R
779,1144.726,1145.762,L
780,1147.721,1148.882,R
780,1147.721,1148.882,L
781,1150.699,1151.901,L
781,1150.699,1151.901,R
782,1153.729,1154.71,R
782,1153.729,1154.71,L
783,1155.706,1155.891,L
783,1155.706,1155.891,R
784,1156.493,1157.489,R
784,1156.493,1157.489,L
785,1160.837,1161.055,L
785,1160.837,1161.055,R
786,1161.499,1162.553,R
786,1161.499,1162.553,L
787,1163.74,1163.956,L
787,1163.74,1163.956,R
788,1164.894,1165.35,R
788,1164.894,1165.35,L
789,1166.005,1167.132,L
789,1166.005,1167.132,R
790,1167.224,1167.437,R
790,1167.224,1167.437,L
791,1167.851,1168.054,L
791,1167.851,1168.054,R
792,1168.471,1168.672,R
792,1168.471,1168.672,L
793,1169.344,1169.605,L
793,1169.344,1169.605,R
794,1169.919,1170.172,R
794,1169.919,1170.172,L
795,1170.7,1170.964,L
795,1170.7,1170.964,R
796,1171.418,1171.638,R
796,1171.418,1171.638,L
797,1172.038,1172.287,L
797,1172.038,1172.287,R
798,1172.821,1173.077,R
798,1172.821,1173.077,L
799,1173.58,1182.016,L
799,1173.58,1182.016,R
800,1182.589,1183.283,R
800,1182.589,1183.283,L
801,1183.467,1184.689,L
801,1183.467,1184.689,R
802,1185.558,1185.721,R
802,1185.558,1185.721,L
803,1186.088,1186.264,L
803,1186.088,1186.264,R
804,1186.781,1186.965,R
804,1186.781,1186.965,L
805,1187.086,1187.365,L
805,1187.086,1187.365,R
806,1187.663,1187.855,R
806,1187.663,1187.855,L
807,1188.017,1188.199,L
807,1188.017,1188.199,R
808,1188.35,1188.922,R
808,1188.35,1188.922,L
809,1189.735,1189.927,L
809,1189.735,1189.927,R
810,1190.509,1190.703,R
810,1190.509,1190.703,L
811,1191.242,1253.521,L
811,1191.242,1253.521,R
812,1254.216,1254.469,R
812,1254.216,1254.469,L
813,1255.165,1255.403,L
813,1255.165,1255.403,R
814,1255.91,1256.09,R
814,1255.91,1256.09,L
815,1256.5,1256.719,L
815,1256.5,1256.719,R
816,1256.921,1257.124,R
816,1256.921,1257.124,L
817,1257.332,1257.532,L
817,1257.332,1257.532,R
818,1257.941,1259.024,R
818,1257.941,1259.024,L
819,1259.362,1259.547,L
819,1259.362,1259.547,R
820,1259.778,1260.895,R
820,1259.778,1260.895,L
821,1261.476,1261.659,L
821,1261.476,1261.659,R
822,1261.848,1262.105,R
822,1261.848,1262.105,L
823,1263.178,1263.388,L
823,1263.178,1263.388,R
824,1264.042,1264.246,R
824,1264.042,1264.246,L
825,1264.771,1265.003,L
825,1264.771,1265.003,R
826,1265.508,1265.735,R
826,1265.508,1265.735,L
827,1267.114,1267.297,R
827,1267.114,1267.297,L
828,1267.882,1268.142,L
828,1267.882,1268.142,R
829,1268.846,1269.082,R
829,1268.846,1269.082,L
830,1270.199,1270.818,L
830,1270.199,1270.818,R
831,1271.527,1271.707,R
831,1271.527,1271.707,L
832,1272.207,1272.389,L
832,1272.207,1272.389,R
833,1272.855,1273.299,R
833,1272.855,1273.299,L
834,1274.152,1274.362,L
834,1274.152,1274.362,R
835,1274.634,1274.848,R
835,1274.634,1274.848,L
836,1275.111,1275.367,L
836,1275.111,1275.367,R
837,1276.044,1276.278,R
837,1276.044,1276.278,L
838,1276.563,1276.819,R
838,1276.563,1276.819,L
839,1277.062,1277.327,R
839,1277.062,1277.327,L
840,1277.692,1277.953,L
840,1277.692,1277.953,R
841,1278.26,1278.533,R
841,1278.26,1278.533,L
842,1279.138,1279.388,R
842,1279.138,1279.388,L
843,1279.51,1279.774,L
843,1279.51,1279.774,R
844,1281.946,1282.952,R
844,1281.946,1282.952,L
845,1284.591,1285.45,L
845,1284.591,1285.45,R
846,1289.234,1290.442,R
846,1289.234,1290.442,L
847,1293.599,1293.73,L
847,1293.599,1293.73,R
848,1294.076,1294.312,R
848,1294.076,1294.312,L
849,1294.503,1294.745,L
849,1294.503,1294.745,R
850,1295.484,1295.74,R
850,1295.484,1295.74,L
851,1297.226,1297.431,R
851,1297.226,1297.431,L
852,1299.072,1300.426,L
852,1299.072,1300.426,R
853,1302.337,1303.309,R
853,1302.337,1303.309,L
854,1306.013,1306.184,L
854,1306.013,1306.184,R
855,1306.554,1306.825,L
855,1306.554,1306.825,R
856,1306.95,1307.238,L
856,1306.95,1307.238,R
857,1309.601,1309.983,R
857,1309.601,1309.983,L
858,1311.202,1312.387,L
858,1311.202,1312.387,R
859,1314.299,1315.426,R
859,1314.299,1315.426,L
860,1317.053,1318.19,L
860,1317.053,1318.19,R
861,1320.253,1321.37,R
861,1320.253,1321.37,L
862,1324.065,1324.251,L
862,1324.065,1324.251,R
863,1324.539,1325.682,R
863,1324.539,1325.682,L
864,1328.594,1328.853,L
864,1328.594,1328.853,R
865,1329.147,1330.485,L
865,1329.147,1330.485,R
866,1332.184,1333.298,R
866,1332.184,1333.298,L
867,1335.134,1336.215,L
867,1335.134,1336.215,R
868,1337.715,1338.729,R
868,1337.715,1338.729,L
869,1340.744,1341.804,L
869,1340.744,1341.804,R
870,1344.363,1344.56,R
870,1344.363,1344.56,L
871,1344.877,1345.149,L
871,1344.877,1345.149,R
872,1345.383,1345.776,R
872,1345.383,1345.776,L
873,1345.87,1346.262,L
873,1345.87,1346.262,R
874,1346.595,1346.858,R
874,1346.595,1346.858,L
875,1347.929,1348.199,R
875,1347.929,1348.199,L
876,1348.693,1348.955,L
876,1348.693,1348.955,R
877,1349.646,1349.897,R
877,1349.646,1349.897,L
878,1353.795,1353.99,L
878,1353.795,1353.99,R
879,1354.548,1354.779,L
879,1354.548,1354.779,R
880,1355.462,1355.655,R
880,1355.462,1355.655,L
881,1356.112,1356.318,R
881,1356.112,1356.318,L
882,1356.758,1357.034,L
882,1356.758,1357.034,R
883,1357.198,1357.453,R
883,1357.198,1357.453,L
884,1359.083,1359.29,L
884,1359.083,1359.29,R
885,1361.044,1362.056,R
885,1361.044,1362.056,L
886,1365.306,1365.54,L
886,1365.306,1365.54,R
887,1365.919,1367.387,R
887,1365.919,1367.387,L
888,1369.332,1369.593,L
888,1369.332,1369.593,R
889,1370.496,1370.712,R
889,1370.496,1370.712,L
890,1370.885,1371.607,L
890,1370.885,1371.607,R
891,1372.676,1373.798,R
891,1372.676,1373.798,L
892,1376.241,1376.444,L
892,1376.241,1376.444,R
893,1376.952,1378.12,R
893,1376.952,1378.12,L
894,1379.461,1379.63,L
894,1379.461,1379.63,R
895,1379.803,1380.036,L
895,1379.803,1380.036,R
896,1380.546,1380.822,R
896,1380.546,1380.822,L
897,1380.959,1382.111,L
897,1380.959,1382.111,R
898,1383.724,1385.26,R
898,1383.724,1385.26,L
899,1387.138,1387.334,L
899,1387.138,1387.334,R
900,1387.721,1389.011,R
900,1387.721,1389.011,L
901,1390.304,1390.486,R
901,1390.304,1390.486,L
902,1390.942,1391.201,L
902,1390.942,1391.201,R
903,1391.569,1391.803,R
903,1391.569,1391.803,L
904,1393.237,1393.448,L
904,1393.237,1393.448,R
905,1394.075,1394.927,R
905,1394.075,1394.927,L
906,1400.956,1401.239,L
906,1400.956,1401.239,R
907,1401.933,1403.727,R
907,1401.933,1403.727,L
908,1405.296,1406.496,L
908,1405.296,1406.496,R
909,1407.86,1409.234,R
909,1407.86,1409.234,L
910,1410.578,1410.759,L
910,1410.578,1410.759,R
911,1411.244,1411.394,R
911,1411.244,1411.394,L
912,1411.521,1411.698,L
912,1411.521,1411.698,R
913,1412.078,1412.295,R
913,1412.078,1412.295,L
914,1412.641,1412.911,L
914,1412.641,1412.911,R
915,1413.433,1413.969,R
915,1413.433,1413.969,L
916,1415.364,1416.264,L
916,1415.364,1416.264,R
917,1418.011,1418.233,L
917,1418.011,1418.233,R
918,1418.726,1419.872,R
918,1418.726,1419.872,L
919,1423.087,1423.312,L
919,1423.087,1423.312,R
920,1423.714,1424.612,R
920,1423.714,1424.612,L
921,1425.065,1425.309,L
921,1425.065,1425.309,R
922,1426.312,1426.666,R
922,1426.312,1426.666,L
923,1427.963,1428.227,R
923,1427.963,1428.227,L
924,1430.355,1431.764,L
924,1430.355,1431.764,R
925,1433.204,1433.411,R
925,1433.204,1433.411,L
926,1434.012,1434.189,L
926,1434.012,1434.189,R
927,1434.98,1435.148,R
927,1434.98,1435.148,L
928,1435.303,1435.461,L
928,1435.303,1435.461,R
929,1435.63,1435.781,L
929,1435.63,1435.781,R
930,1436.082,1436.253,R
930,1436.082,1436.253,L
931,1436.431,1436.666,L
931,1436.431,1436.666,R
932,1436.977,1437.182,R
932,1436.977,1437.182,L
933,1437.337,1437.561,R
933,1437.337,1437.561,L
934,1437.753,1437.981,L
934,1437.753,1437.981,R
935,1438.129,1438.374,R
935,1438.129,1438.374,L
936,1438.69,1439.003,L
936,1438.69,1439.003,R
937,1439.347,1439.6,R
937,1439.347,1439.6,L
938,1439.84,1440.075,L
938,1439.84,1440.075,R
939,1440.7,1440.93,L
939,1440.7,1440.93,R
940,1441.081,1441.315,R
940,1441.081,1441.315,L
941,1441.737,1441.967,R
941,1441.737,1441.967,L
942,1442.062,1442.291,L
942,1442.062,1442.291,R
943,1442.622,1442.843,R
943,1442.622,1442.843,L
944,1443.064,1443.349,L
944,1443.064,1443.349,R
945,1443.495,1443.708,R
945,1443.495,1443.708,L
946,1443.871,1444.178,L
946,1443.871,1444.178,R
947,1444.727,1444.95,R
947,1444.727,1444.95,L
948,1445.36,1445.61,L
948,1445.36,1445.61,R
949,1446.019,1446.253,L
949,1446.019,1446.253,R
950,1446.679,1447.375,R
950,1446.679,1447.375,L
951,1448.05,1448.252,L
951,1448.05,1448.252,R
952,1448.505,1448.709,R
952,1448.505,1448.709,L
953,1448.96,1449.137,L
953,1448.96,1449.137,R
954,1450.224,1450.42,R
954,1450.224,1450.42,L
955,1450.722,1450.886,R
955,1450.722,1450.886,L
956,1450.984,1451.148,L
956,1450.984,1451.148,R
957,1451.398,1451.493,R
957,1451.398,1451.493,L
958,1451.531,1451.955,L
958,1451.531,1451.955,R
959,1452.49,1452.662,R
959,1452.49,1452.662,L
960,1453.665,1453.869,L
960,1453.665,1453.869,R
961,1454.894,1455.382,R
961,1454.894,1455.382,L
962,1455.67,1455.875,L
962,1455.67,1455.875,R
963,1456.653,1456.846,R
963,1456.653,1456.846,L
964,1457.352,1514.01,L
964,1457.352,1514.01,R
965,1514.187,1514.371,R
965,1514.187,1514.371,L
966,1515.151,1515.332,L
966,1515.151,1515.332,R
967,1516.199,1516.575,R
967,1516.199,1516.575,L
968,1516.956,1517.171,L
968,1516.956,1517.171,R
969,1517.837,1518.474,R
969,1517.837,1518.474,L
970,1519.067,1519.681,L
970,1519.067,1519.681,R
971,1522.654,1522.895,R
971,1522.654,1522.895,L
972,1523.05,1523.256,L
972,1523.05,1523.256,R
973,1523.553,1523.813,R
973,1523.553,1523.813,L
974,1525.052,1525.23,L
974,1525.052,1525.23,R
975,1526.68,1526.934,R
975,1526.68,1526.934,L
976,1527.847,1528.036,L
976,1527.847,1528.036,R
977,1528.703,1528.897,R
977,1528.703,1528.897,L
978,1529.0,1529.22,L
978,1529.0,1529.22,R
979,1529.679,1529.87,R
979,1529.679,1529.87,L
980,1530.038,1530.959,L
980,1530.038,1530.959,R
981,1531.61,1531.791,L
981,1531.61,1531.791,R
982,1532.633,1532.94,R
982,1532.633,1532.94,L
983,1533.754,1533.992,R
983,1533.754,1533.992,L
984,1536.107,1536.289,L
984,1536.107,1536.289,R
985,1538.246,1539.479,R
985,1538.246,1539.479,L
986,1541.379,1541.548,R
986,1541.379,1541.548,L
987,1542.042,1543.161,R
987,1542.042,1543.161,L
988,1545.993,1546.186,L
988,1545.993,1546.186,R
989,1546.938,1548.536,R
989,1546.938,1548.536,L
990,1550.245,1551.533,L
990,1550.245,1551.533,R
991,1553.923,1554.095,R
991,1553.923,1554.095,L
992,1554.506,1554.693,L
992,1554.506,1554.693,R
993,1555.117,1556.234,R
993,1555.117,1556.234,L
994,1558.929,1559.095,L
994,1558.929,1559.095,R
995,1559.613,1559.91,R
995,1559.613,1559.91,L
996,1560.333,1560.6,L
996,1560.333,1560.6,R
997,1561.76,1561.965,R
997,1561.76,1561.965,L
998,1562.541,1562.714,L
998,1562.541,1562.714,R
999,1563.387,1563.741,R
999,1563.387,1563.741,L
1000,1567.952,1568.791,L
1000,1567.952,1568.791,R
1001,1571.085,1572.418,R
1001,1571.085,1572.418,L
1002,1573.96,1575.215,L
1002,1573.96,1575.215,R
1003,1577.055,1578.203,R
1003,1577.055,1578.203,L
1004,1579.087,1579.502,L
1004,1579.087,1579.502,R
1005,1579.825,1580.067,R
1005,1579.825,1580.067,L
1006,1580.979,1581.378,L
1006,1580.979,1581.378,R
1007,1582.578,1582.827,R
1007,1582.578,1582.827,L
1008,1583.262,1584.516,L
1008,1583.262,1584.516,R
1009,1585.896,1586.119,R
1009,1585.896,1586.119,L
1010,1586.672,1587.732,L
1010,1586.672,1587.732,R
1011,1589.754,1591.035,R
1011,1589.754,1591.035,L
1012,1593.883,1594.105,L
1012,1593.883,1594.105,R
1013,1594.632,1595.746,R
1013,1594.632,1595.746,L
1014,1597.792,1599.174,L
1014,1597.792,1599.174,R
1015,1600.504,1600.683,R
1015,1600.504,1600.683,L
1016,1601.207,1602.133,L
1016,1601.207,1602.133,R
1017,1603.89,1604.074,R
1017,1603.89,1604.074,L
1018,1604.656,1604.907,L
1018,1604.656,1604.907,R
1019,1605.108,1605.744,L
1019,1605.108,1605.744,R
1020,1608.369,1608.524,R
1020,1608.369,1608.524,L
1021,1609.329,1609.488,L
1021,1609.329,1609.488,R
1022,1610.624,1610.798,R
1022,1610.624,1610.798,L
1023,1610.889,1611.105,R
1023,1610.889,1611.105,L
1024,1612.837,1613.032,L
1024,1612.837,1613.032,R
1025,1613.586,1614.677,R
1025,1613.586,1614.677,L
1026,1616.474,1616.702,L
1026,1616.474,1616.702,R
1027,1617.182,1617.424,R
1027,1617.182,1617.424,L
1028,1623.013,1623.191,L
1028,1623.013,1623.191,R
1029,1623.542,1624.614,R
1029,1623.542,1624.614,L
1030,1626.362,1626.529,L
1030,1626.362,1626.529,R
1031,1627.045,1628.099,R
1031,1627.045,1628.099,L
1032,1629.298,1629.463,L
1032,1629.298,1629.463,R
1033,1630.101,1630.299,R
1033,1630.101,1630.299,L
1034,1632.364,1632.581,L
1034,1632.364,1632.581,R
1035,1633.309,1633.582,R
1035,1633.309,1633.582,L
1036,1633.851,1634.478,L
1036,1633.851,1634.478,R
1037,1638.019,1638.244,R
1037,1638.019,1638.244,L
1038,1638.852,1639.079,L
1038,1638.852,1639.079,R
1039,1639.231,1639.511,R
1039,1639.231,1639.511,L
1040,1639.598,1639.861,L
1040,1639.598,1639.861,R
1041,1641.27,1641.497,R
1041,1641.27,1641.497,L
1042,1642.204,1642.433,R
1042,1642.204,1642.433,L
1043,1643.116,1643.314,L
1043,1643.116,1643.314,R
1044,1644.675,1644.886,R
1044,1644.675,1644.886,L
1045,1645.751,1645.957,L
1045,1645.751,1645.957,R
1046,1646.418,1647.292,R
1046,1646.418,1647.292,L
1047,1648.726,1649.778,L
1047,1648.726,1649.778,R
1048,1653.283,1654.362,R
1048,1653.283,1654.362,L
1049,1657.431,1658.871,L
1049,1657.431,1658.871,R
1050,1660.561,1661.851,R
1050,1660.561,1661.851,L
1051,1664.2,1665.239,L
1051,1664.2,1665.239,R
1052,1668.251,1668.449,R
1052,1668.251,1668.449,L
1053,1669.366,1669.597,L
1053,1669.366,1669.597,R
1054,1669.779,1670.014,R
1054,1669.779,1670.014,L
1055,1671.976,1672.164,L
1055,1671.976,1672.164,R
1056,1672.622,1672.911,R
1056,1672.622,1672.911,L
1057,1673.122,1673.385,L
1057,1673.122,1673.385,R
1058,1674.097,1674.376,R
1058,1674.097,1674.376,L
1059,1678.859,1679.091,L
1059,1678.859,1679.091,R
1060,1679.352,1679.549,R
1060,1679.352,1679.549,L
1061,1679.877,1680.642,L
1061,1679.877,1680.642,R
1062,1680.991,1681.25,R
1062,1680.991,1681.25,L
1063,1682.999,1683.173,R
1063,1682.999,1683.173,L
1064,1684.025,1684.274,L
1064,1684.025,1684.274,R
1065,1684.364,1685.138,R
1065,1684.364,1685.138,L
1066,1687.676,1688.511,L
1066,1687.676,1688.511,R
1067,1690.189,1690.42,R
1067,1690.189,1690.42,L
1068,1690.729,1692.525,L
1068,1690.729,1692.525,R
1069,1694.254,1694.588,R
1069,1694.254,1694.588,L
1070,1695.151,1695.171,L
1070,1695.151,1695.171,R
1071,1695.356,1698.046,R
1071,1695.356,1698.046,L
1072,1698.202,1698.433,L
1072,1698.202,1698.433,R
1073,1699.704,1699.972,R
1073,1699.704,1699.972,L
1074,1700.529,1700.694,L
1074,1700.529,1700.694,R
1075,1701.156,1701.347,R
1075,1701.156,1701.347,L
1076,1701.7,1703.926,L
1076,1701.7,1703.926,R
1077,1704.062,1704.258,L
1077,1704.062,1704.258,R
1078,1705.5,1705.675,R
1078,1705.5,1705.675,L
1079,1705.919,1706.127,R
1079,1705.919,1706.127,L
1080,1706.574,1757.801,L
1080,1706.574,1757.801,R
1081,1758.703,1758.895,R
1081,1758.703,1758.895,L
1082,1759.179,1759.354,L
1082,1759.179,1759.354,R
1083,1760.062,1760.236,L
1083,1760.062,1760.236,R
1084,1761.159,1761.937,R
1084,1761.159,1761.937,L
1085,1763.858,1764.043,L
1085,1763.858,1764.043,R
1086,1766.657,1767.439,R
1086,1766.657,1767.439,L
1087,1767.679,1767.89,R
1087,1767.679,1767.89,L
1088,1768.516,1768.76,L
1088,1768.516,1768.76,R
1089,1769.763,1770.29,R
1089,1769.763,1770.29,L
1090,1771.07,1771.293,L
1090,1771.07,1771.293,R
1091,1771.708,1771.978,R
1091,1771.708,1771.978,L
1092,1772.374,1772.606,L
1092,1772.374,1772.606,R
1093,1773.092,1773.316,R
1093,1773.092,1773.316,L
1094,1773.859,1774.058,L
1094,1773.859,1774.058,R
1095,1774.406,1774.612,R
1095,1774.406,1774.612,L
1096,1774.74,1775.574,L
1096,1774.74,1775.574,R
1097,1776.103,1776.306,R
1097,1776.103,1776.306,L
1098,1776.409,1776.629,L
1098,1776.409,1776.629,R
1099,1776.766,1777.04,R
1099,1776.766,1777.04,L
1100,1779.009,1779.996,L
1100,1779.009,1779.996,R
1101,1781.642,1781.831,R
1101,1781.642,1781.831,L
1102,1782.021,1782.436,R
1102,1782.021,1782.436,L
1103,1782.873,1783.86,R
1103,1782.873,1783.86,L
1104,1785.478,1787.07,L
1104,1785.478,1787.07,R
1105,1789.827,1790.019,L
1105,1789.827,1790.019,R
1106,1790.562,1792.516,R
1106,1790.562,1792.516,L
1107,1795.404,1795.59,L
1107,1795.404,1795.59,R
1108,1795.933,1797.552,R
1108,1795.933,1797.552,L
1109,1798.115,1798.339,L
1109,1798.115,1798.339,R
1110,1798.968,1799.244,R
1110,1798.968,1799.244,L
1111,1799.832,1800.085,L
1111,1799.832,1800.085,R
1112,1800.709,1800.983,R
1112,1800.709,1800.983,L
1113,1803.698,1805.22,L
1113,1803.698,1805.22,R
1114,1806.773,1807.626,R
1114,1806.773,1807.626,L
1115,1808.117,1808.831,L
1115,1808.117,1808.831,R
1116,1811.619,1811.829,R
1116,1811.619,1811.829,L
1117,1812.295,1813.644,R
1117,1812.295,1813.644,L
1118,1815.223,1815.362,L
1118,1815.223,1815.362,R
1119,1816.162,1816.365,R
1119,1816.162,1816.365,L
1120,1817.327,1817.529,L
1120,1817.327,1817.529,R
1121,1817.83,1818.297,L
1121,1817.83,1818.297,R
1122,1818.939,1819.143,R
1122,1818.939,1819.143,L
1123,1820.732,1820.862,R
1123,1820.732,1820.862,L
1124,1821.071,1821.293,L
1124,1821.071,1821.293,R
1125,1822.103,1822.307,R
1125,1822.103,1822.307,L
1126,1823.081,1824.249,L
1126,1823.081,1824.249,R
1127,1824.814,1825.028,R
1127,1824.814,1825.028,L
1128,1826.138,1826.391,L
1128,1826.138,1826.391,R
1129,1826.944,1827.17,R
1129,1826.944,1827.17,L
1130,1829.932,1830.115,L
1130,1829.932,1830.115,R
1131,1830.654,1831.753,L
1131,1830.654,1831.753,R
1132,1833.586,1834.642,L
1132,1833.586,1834.642,R
1133,1837.367,1837.601,R
1133,1837.367,1837.601,L
1134,1838.528,1838.7,L
1134,1838.528,1838.7,R
1135,1839.014,1840.092,R
1135,1839.014,1840.092,L
1136,1841.403,1842.45,L
1136,1841.403,1842.45,R
1137,1847.387,1848.5,L
1137,1847.387,1848.5,R
1138,1849.237,1849.444,R
1138,1849.237,1849.444,L
1139,1850.14,1850.401,R
1139,1850.14,1850.401,L
1140,1852.75,1852.951,R
1140,1852.75,1852.951,L
1141,1854.748,1856.184,L
1141,1854.748,1856.184,R
1142,1858.311,1858.496,R
1142,1858.311,1858.496,L
1143,1858.929,1860.362,L
1143,1858.929,1860.362,R
1144,1862.926,1864.308,R
1144,1862.926,1864.308,L
1145,1866.959,1867.088,R
1145,1866.959,1867.088,L
1146,1867.463,1868.922,L
1146,1867.463,1868.922,R
1147,1871.049,1872.518,R
1147,1871.049,1872.518,L
1148,1873.735,1873.944,L
1148,1873.735,1873.944,R
1149,1874.48,1875.561,R
1149,1874.48,1875.561,L
1150,1876.209,1876.394,R
1150,1876.209,1876.394,L
1151,1877.21,1877.443,L
1151,1877.21,1877.443,R
1152,1878.799,1879.001,R
1152,1878.799,1879.001,L
1153,1881.625,1883.111,R
1153,1881.625,1883.111,L
1154,1885.447,1886.66,L
1154,1885.447,1886.66,R
1155,1889.829,1890.028,L
1155,1889.829,1890.028,R
1156,1890.516,1892.026,R
1156,1890.516,1892.026,L
1157,1894.723,1894.944,L
1157,1894.723,1894.944,R
1158,1895.544,1896.847,R
1158,1895.544,1896.847,L
1159,1897.679,1897.889,R
1159,1897.679,1897.889,L
1160,1898.376,1898.895,R
1160,1898.376,1898.895,L
1161,1900.306,1900.515,L
1161,1900.306,1900.515,R
1162,1903.903,1904.11,R
1162,1903.903,1904.11,L
1163,1904.677,1905.722,R
1163,1904.677,1905.722,L
1164,1906.377,1906.519,L
1164,1906.377,1906.519,R
1165,1907.526,1907.724,R
1165,1907.526,1907.724,L
1166,1907.816,1908.491,R
1166,1907.816,1908.491,L
1167,1910.85,1911.035,L
1167,1910.85,1911.035,R
1168,1911.754,1912.794,R
1168,1911.754,1912.794,L
1169,1914.503,1914.906,L
1169,1914.503,1914.906,R
1170,1915.23,1915.527,R
1170,1915.23,1915.527,L
1171,1917.962,1918.171,L
1171,1917.962,1918.171,R
1172,1918.56,1919.348,R
1172,1918.56,1919.348,L
1173,1919.742,1919.958,L
1173,1919.742,1919.958,R
1174,1921.517,1921.701,L
1174,1921.517,1921.701,R
1175,1922.489,1922.744,R
1175,1922.489,1922.744,L
1176,1923.208,1923.396,L
1176,1923.208,1923.396,R
1177,1924.572,1924.796,R
1177,1924.572,1924.796,L
1178,1925.335,1926.006,L
1178,1925.335,1926.006,R
1179,1926.716,1926.933,R
1179,1926.716,1926.933,L
1180,1928.267,1928.517,L
1180,1928.267,1928.517,R
1181,1930.257,1930.511,R
1181,1930.257,1930.511,L
1182,1932.17,1933.262,R
1182,1932.17,1933.262,L
