,blockID,trialNumber,triggerName,timestamp_sys,timestamp_psyc
0,pract,0,StartPractice,1782462780.3675365,502.34512066841125
1,pract,1,startFixDisplay,1782462780.379064,502.3566472530365
2,pract,1,startFixPeriod,1782462780.60835,502.5859353542328
3,pract,1,targetPresented,1782462780.9414105,502.9189944267273
4,pract,1,blankDurationStart,1782462780.949822,502.92740774154663
5,pract,1,maskStart,1782462781.3660688,503.3436543941498
6,pract,1,maskEnd,1782462781.8654406,503.84302377700806
7,pract,1,LeftResponse,1782462783.4105065,505.38809156417847
8,pract,1,EndOfTrial,1782462783.4143791,505.3919644355774
9,pract,1,FeedbackPeriodStarted,1782462783.4310358,505.40862107276917
10,pract,2,startFixDisplay,1782462784.9381282,506.91571164131165
11,pract,2,startFixPeriod,1782462785.0423667,507.0199520587921
12,pract,2,targetPresented,1782462785.2547026,507.2323055267334
13,pract,2,blankDurationStart,1782462785.2630646,507.24065017700195
14,pract,2,maskStart,1782462785.637841,507.6154270172119
15,pract,2,maskEnd,1782462786.1374285,508.11501455307007
16,pract,2,LeftResponse,1782462786.6912758,508.6688606739044
17,pract,2,EndOfTrial,1782462786.6951728,508.67275834083557
18,pract,2,FeedbackPeriodStarted,1782462786.707665,508.6852502822876
19,pract,3,startFixDisplay,1782462788.235405,510.21298813819885
20,pract,3,startFixPeriod,1782462788.4730146,510.4506006240845
21,pract,3,targetPresented,1782462788.706211,510.6837968826294
22,pract,3,blankDurationStart,1782462788.7144618,510.69204545021057
23,pract,3,maskStart,1782462789.0475955,511.02518129348755
24,pract,3,maskEnd,1782462789.5470338,511.5246193408966
25,pract,3,LeftResponse,1782462789.8094366,511.7870192527771
26,pract,3,EndOfTrial,1782462789.8135126,511.7910952568054
27,pract,3,FeedbackPeriodStarted,1782462789.8217452,511.7993278503418
28,pract,4,startFixDisplay,1782462791.3497825,513.3273656368256
29,pract,4,startFixPeriod,1782462794.4184377,516.3960218429565
30,pract,4,targetPresented,1782462794.7181306,516.6957168579102
31,pract,4,blankDurationStart,1782462794.7264178,516.7040016651154
32,pract,4,maskStart,1782462795.018017,516.9956028461456
33,pract,4,maskEnd,1782462795.5174592,517.4950425624847
34,pract,4,LeftResponse,1782462796.06723,518.044814825058
35,pract,4,EndOfTrial,1782462796.0711768,518.048761844635
36,pract,4,FeedbackPeriodStarted,1782462796.0793562,518.0569388866425
37,pract,5,startFixDisplay,1782462797.5865328,519.5641191005707
38,pract,5,startFixPeriod,1782462797.5908365,519.5684218406677
39,pract,5,targetPresented,1782462797.8614752,519.8390591144562
40,pract,6,startFixDisplay,1782462801.387864,523.3654515743256
41,pract,6,startFixPeriod,1782462801.5670145,523.5445997714996
42,pract,6,targetPresented,1782462801.7960086,523.773594379425
43,pract,6,blankDurationStart,1782462801.80431,523.7818937301636
44,pract,6,maskStart,1782462802.095746,524.0733308792114
45,pract,6,maskEnd,1782462802.5953379,524.5729215145111
46,pract,6,RightResponse,1782462803.1530654,525.1306481361389
47,pract,6,EndOfTrial,1782462803.1572638,525.1348466873169
48,pract,6,FeedbackPeriodStarted,1782462803.1655712,525.1431565284729
49,pract,7,startFixDisplay,1782462804.6685479,526.6461341381073
50,pract,7,startFixPeriod,1782462816.5843923,538.5619759559631
51,pract,7,targetPresented,1782462816.805068,538.7826552391052
52,pract,7,blankDurationStart,1782462816.813351,538.7909343242645
53,pract,7,maskStart,1782462817.063161,539.0407466888428
54,pract,7,maskEnd,1782462817.562679,539.5402646064758
55,pract,7,RightResponse,1782462818.2957356,540.2733204364777
56,pract,7,EndOfTrial,1782462818.2995512,540.2771365642548
57,pract,7,FeedbackPeriodStarted,1782462818.3121257,540.2897107601166
58,pract,8,startFixDisplay,1782462819.8234575,541.8010439872742
59,pract,8,startFixPeriod,1782462823.0585153,545.0360989570618
60,pract,8,targetPresented,1782462823.2709157,545.2485017776489
61,pract,9,startFixDisplay,1782462826.7928946,548.7704827785492
62,pract,9,startFixPeriod,1782462826.8180459,548.7956311702728
63,pract,9,targetPresented,1782462827.1927774,549.1703617572784
64,pract,10,startFixDisplay,1782462830.7192035,552.6967899799347
65,pract,10,startFixPeriod,1782462831.8183632,553.7959470748901
66,pract,10,targetPresented,1782462832.0806909,554.0582766532898
67,pract,11,startFixDisplay,1782462835.6070218,557.5846078395844
68,pract,11,startFixPeriod,1782462836.2273848,558.2049708366394
69,pract,11,targetPresented,1782462836.4646895,558.442272901535
70,pract,12,startFixDisplay,1782462839.9910553,561.9686415195465
71,pract,12,startFixPeriod,1782462839.9952304,561.9728133678436
72,pract,12,targetPresented,1782462840.2618146,562.2394001483917
73,pract,12,blankDurationStart,1782462840.2701263,562.2477123737335
74,pract,12,maskStart,1782462840.6448584,562.622444152832
75,pract,12,maskEnd,1782462841.1444416,563.1220273971558
76,pract,12,RightResponse,1782462842.0476887,564.0252711772919
77,pract,12,EndOfTrial,1782462842.0519,564.0294849872589
78,pract,12,FeedbackPeriodStarted,1782462842.0602179,564.0378029346466
79,pract,13,startFixDisplay,1782462843.5715117,565.54909491539
80,pract,13,startFixPeriod,1782462843.8630548,565.8406407833099
81,pract,13,targetPresented,1782462844.1753345,566.152918100357
82,pract,14,startFixDisplay,1782462847.697414,569.6749968528748
83,pract,14,startFixPeriod,1782462847.7849638,569.762549161911
84,pract,14,targetPresented,1782462848.0099382,569.9875240325928
85,pract,15,startFixDisplay,1782462851.5362017,573.513787984848
86,pract,15,startFixPeriod,1782462856.132672,578.1102564334869
87,pract,15,targetPresented,1782462856.461648,578.4392337799072
88,pract,16,startFixDisplay,1782462859.9836185,581.9612021446228
89,pract,16,startFixPeriod,1782462860.483383,582.4609665870667
90,pract,16,targetPresented,1782462860.7208366,582.6984221935272
91,pract,16,blankDurationStart,1782462860.7291365,582.7067222595215
92,pract,16,maskStart,1782462861.187141,583.16472697258
93,pract,16,maskEnd,1782462861.6909235,583.6685092449188
94,pract,16,RightResponse,1782462862.4317482,584.4093306064606
95,pract,16,EndOfTrial,1782462862.4360516,584.4136369228363
96,pract,16,FeedbackPeriodStarted,1782462862.448539,584.426121711731
97,pract,17,startFixDisplay,1782462863.9723432,585.9499266147614
98,pract,17,startFixPeriod,1782462864.0264347,586.004017829895
99,pract,17,targetPresented,1782462864.251324,586.2289078235626
100,pract,17,blankDurationStart,1782462864.2596173,586.2372007369995
101,pract,17,maskStart,1782462864.6760628,586.6536483764648
102,pract,17,maskEnd,1782462865.175667,587.1532530784607
103,pract,17,RightResponse,1782462865.937509,587.9150915145874
104,pract,17,EndOfTrial,1782462865.9415913,587.9191768169403
105,pract,17,FeedbackPeriodStarted,1782462865.949837,587.92742228508
106,pract,18,startFixDisplay,1782462867.4735744,589.4511575698853
107,pract,18,startFixPeriod,1782462872.086904,594.0644907951355
108,pract,18,targetPresented,1782462872.3408673,594.318452835083
109,pract,19,startFixDisplay,1782462875.8630214,597.8406071662903
110,pract,19,startFixPeriod,1782462884.4314816,606.4090676307678
111,pract,19,targetPresented,1782462884.706197,606.6837828159332
112,pract,19,blankDurationStart,1782462884.7145462,606.6921298503876
113,pract,19,maskStart,1782462885.1308324,607.1084160804749
114,pract,19,maskEnd,1782462885.6304345,607.608020067215
115,pract,19,LeftResponse,1782462886.146728,608.1243104934692
116,pract,19,EndOfTrial,1782462886.1508844,608.1284697055817
117,pract,19,FeedbackPeriodStarted,1782462886.154897,608.1324820518494
118,pract,20,startFixDisplay,1782462887.7161367,609.6937198638916
119,pract,20,startFixPeriod,1782462887.9286432,609.9062287807465
120,pract,20,targetPresented,1782462888.1324725,610.1100552082062
121,pract,21,startFixDisplay,1782462891.6549096,613.632495880127
122,pract,21,startFixPeriod,1782462895.5892184,617.5668020248413
123,pract,21,targetPresented,1782462895.7974377,617.7750232219696
124,pract,21,blankDurationStart,1782462895.8057685,617.783353805542
125,pract,21,maskStart,1782462896.2221813,618.1997663974762
126,pract,21,maskEnd,1782462896.7215827,618.6991677284241
127,pract,21,LeftResponse,1782462897.3465016,619.3240840435028
128,pract,21,EndOfTrial,1782462897.3504374,619.3280227184296
129,pract,21,FeedbackPeriodStarted,1782462897.3544881,619.3320736885071
130,pract,22,startFixDisplay,1782462898.8782692,620.8558521270752
131,pract,22,startFixPeriod,1782462898.9865398,620.964123249054
132,pract,22,targetPresented,1782462899.357148,621.334733247757
133,pract,22,blankDurationStart,1782462899.365501,621.3430864810944
134,pract,22,maskStart,1782462899.740129,621.7177126407623
135,pract,22,maskEnd,1782462900.2398171,622.2174026966095
136,pract,22,LeftResponse,1782462900.8188126,622.7963976860046
137,pract,22,EndOfTrial,1782462900.8226368,622.8002216815948
138,pract,22,FeedbackPeriodStarted,1782462900.8267481,622.8043336868286
139,pract,23,startFixDisplay,1782462902.3465874,624.3241729736328
140,pract,23,startFixPeriod,1782462902.6130111,624.5905966758728
141,pract,23,targetPresented,1782462902.8503263,624.8279120922089
142,pract,24,startFixDisplay,1782462906.3766878,628.3542740345001
143,pract,24,startFixPeriod,1782462908.4333885,630.4109737873077
144,pract,24,targetPresented,1782462908.7040393,630.6816246509552
145,pract,25,startFixDisplay,1782462912.22616,634.203742980957
146,pract,25,startFixPeriod,1782462913.5460634,635.5236489772797
147,pract,25,targetPresented,1782462913.7833357,635.7609210014343
148,pract,-1,EndPractice,1782462917.2973957,639.2749817371368
149,pract,-1,startNoiseCharacterization,1782462917.313924,639.2915093898773
150,0,0,startFixDisplay,1782463044.1231568,766.1007401943207
151,0,0,startFixPeriod,1782463044.1357963,766.1133816242218
152,0,0,startWaitForSaccade,1782463044.4480364,766.4256217479706
153,0,1,startFixDisplay,1782463048.2116141,770.1892006397247
154,0,1,startFixPeriod,1782463049.0864627,771.0640490055084
155,0,1,startWaitForSaccade,1782463049.3066645,771.2842478752136
156,0,2,startFixDisplay,1782463053.9280944,775.9056811332703
157,0,2,startFixPeriod,1782463054.0946634,776.072249174118
158,0,2,startWaitForSaccade,1782463054.4526393,776.4302232265472
159,0,2,targetPresented,1782463056.0805008,778.0580832958221
160,0,2,blankDurationStart,1782463056.088935,778.0665204524994
161,0,2,maskStart,1782463056.5469275,778.5245108604431
162,0,2,maskEnd,1782463057.0465236,779.0241093635559
163,0,2,LeftResponse,1782463057.5545897,779.5321724414825
164,0,2,EndOfTrial,1782463057.5585096,779.5360922813416
165,0,2,FeedbackPeriodStarted,1782463057.5628414,779.5404272079468
166,0,3,startFixDisplay,1782463059.074021,781.0516076087952
167,0,3,startFixPeriod,1782463059.627875,781.6054608821869
168,0,3,startWaitForSaccade,1782463059.8400917,781.817675113678
169,0,3,targetPresented,1782463059.8733563,781.85094165802
170,0,4,startFixDisplay,1782463063.3954713,785.3730556964874
171,0,4,startFixPeriod,1782463063.4164152,785.3939983844757
172,0,4,startWaitForSaccade,1782463063.7786725,785.7562556266785
173,0,4,targetPresented,1782463063.9869716,785.9645571708679
174,0,4,blankDurationStart,1782463063.9952722,785.9728579521179
175,0,4,maskStart,1782463064.4531915,786.4307770729065
176,0,4,maskEnd,1782463064.9526305,786.9302136898041
177,0,4,LeftResponse,1782463065.95222,787.9298050403595
178,0,4,EndOfTrial,1782463065.9561846,787.9337673187256
179,0,4,FeedbackPeriodStarted,1782463065.9603512,787.9379367828369
180,0,5,startFixDisplay,1782463067.4632852,789.4408717155457
181,0,5,startFixPeriod,1782463067.4675105,789.4450962543488
182,0,5,startWaitForSaccade,1782463067.8463585,789.8239438533783
183,0,5,targetPresented,1782463073.050648,795.02823138237
184,0,5,blankDurationStart,1782463073.0589817,795.0365676879883
185,0,5,maskStart,1782463073.5126157,795.4901986122131
186,0,5,maskEnd,1782463074.0123992,795.9899845123291
187,0,5,RightResponse,1782463074.5789294,796.5565145015717
188,0,5,EndOfTrial,1782463074.5826616,796.5602469444275
189,0,5,FeedbackPeriodStarted,1782463074.5868168,796.5644023418427
190,0,6,startFixDisplay,1782463076.0898097,798.0673928260803
191,0,6,startFixPeriod,1782463076.4604843,798.4380700588226
192,0,6,startWaitForSaccade,1782463076.7185688,798.696151971817
193,0,6,targetPresented,1782463077.0433605,799.0209460258484
194,0,6,blankDurationStart,1782463077.0516975,799.0292835235596
195,0,6,maskStart,1782463077.5097039,799.4873094558716
196,0,6,maskEnd,1782463078.0092697,799.986852645874
197,0,6,RightResponse,1782463078.738173,800.7157578468323
198,0,6,EndOfTrial,1782463078.7420044,800.7195901870728
199,0,6,FeedbackPeriodStarted,1782463078.746049,800.7236342430115
200,0,7,startFixDisplay,1782463080.2492428,802.2268259525299
201,0,7,startFixPeriod,1782463080.5031629,802.4807460308075
202,0,7,startWaitForSaccade,1782463080.7363653,802.7139506340027
203,0,7,targetPresented,1782463085.8405738,807.8181569576263
204,0,7,blankDurationStart,1782463085.8489845,807.8265707492828
205,0,7,maskStart,1782463086.3069985,808.2845842838287
206,0,7,maskEnd,1782463086.8065405,808.7841265201569
207,0,7,RightResponse,1782463087.377151,809.3547360897064
208,0,7,EndOfTrial,1782463087.3811011,809.3586869239807
209,0,7,FeedbackPeriodStarted,1782463087.3851936,809.3627789020538
210,0,8,startFixDisplay,1782463088.9715316,810.9491152763367
211,0,8,startFixPeriod,1782463089.1422002,811.119785785675
212,0,8,startWaitForSaccade,1782463089.52938,811.5069634914398
213,0,8,targetPresented,1782463093.2224455,815.2000291347504
214,0,8,blankDurationStart,1782463093.2306428,815.2082254886627
215,0,8,maskStart,1782463093.684509,815.6620926856995
216,0,8,maskEnd,1782463094.1841733,816.1617588996887
217,0,8,RightResponse,1782463095.2832787,817.260861158371
218,0,8,EndOfTrial,1782463095.2873197,817.2649047374725
219,0,8,FeedbackPeriodStarted,1782463095.2914538,817.2690391540527
220,0,9,startFixDisplay,1782463096.8236177,818.801201581955
221,0,9,startFixPeriod,1782463097.0693715,819.0469570159912
222,0,9,startWaitForSaccade,1782463097.2733693,819.2509548664093
223,0,9,targetPresented,1782463102.2775984,824.255181312561
224,0,9,blankDurationStart,1782463102.2860873,824.2636725902557
225,0,9,maskStart,1782463102.7400107,824.7175967693329
226,0,9,maskEnd,1782463103.2396028,825.2171854972839
227,0,9,LeftResponse,1782463103.8265812,825.8041636943817
228,0,9,EndOfTrial,1782463103.8308167,825.808402299881
229,0,9,FeedbackPeriodStarted,1782463103.8348055,825.8123908042908
230,0,10,startFixDisplay,1782463105.450378,827.427964925766
231,0,10,startFixPeriod,1782463105.4668171,827.4443998336792
232,0,10,startWaitForSaccade,1782463105.8416915,827.8192765712738
233,0,10,targetPresented,1782463106.1373358,828.1149213314056
234,0,10,blankDurationStart,1782463106.1456604,828.1232461929321
235,0,10,maskStart,1782463106.5952613,828.5728442668915
236,0,10,maskEnd,1782463107.0949156,829.0725009441376
237,0,10,RightResponse,1782463107.7943208,829.7719035148621
238,0,10,EndOfTrial,1782463107.7983956,829.7759783267975
239,0,10,FeedbackPeriodStarted,1782463107.8026044,829.7801899909973
240,0,11,startFixDisplay,1782463109.372331,831.3499176502228
241,0,11,startFixPeriod,1782463109.376413,831.3539986610413
242,0,11,startWaitForSaccade,1782463109.601217,831.5788025856018
243,0,12,startFixDisplay,1782463113.4899116,835.4674983024597
244,0,12,startFixPeriod,1782463113.4938717,835.4714541435242
245,0,12,startWaitForSaccade,1782463113.8521254,835.8297109603882
246,0,12,targetPresented,1782463116.3584855,838.3360712528229
247,0,12,blankDurationStart,1782463116.3668308,838.3444163799286
248,0,12,maskStart,1782463116.824773,838.8023591041565
249,0,12,maskEnd,1782463117.3243635,839.3019490242004
250,0,12,LeftResponse,1782463118.1156309,840.0932161808014
251,0,12,EndOfTrial,1782463118.1194947,840.0970773696899
252,0,12,FeedbackPeriodStarted,1782463118.1237903,840.1013760566711
253,0,13,startFixDisplay,1782463119.6308303,841.6084136962891
254,0,13,startFixPeriod,1782463119.6557753,841.6333591938019
255,0,13,startWaitForSaccade,1782463119.8764632,841.8540487289429
256,0,14,startFixDisplay,1782463123.6694255,845.6470127105713
257,0,14,startFixPeriod,1782463123.6735308,845.6511166095734
258,0,14,startWaitForSaccade,1782463124.0524726,846.0300581455231
259,0,14,targetPresented,1782463124.173243,846.1508288383484
260,0,14,blankDurationStart,1782463124.1815343,846.1591169834137
261,0,14,maskStart,1782463124.635315,846.6129004955292
262,0,14,maskEnd,1782463125.1348257,847.1124112606049
263,0,14,RightResponse,1782463126.0676816,848.0452642440796
264,0,14,EndOfTrial,1782463126.0715992,848.0491845607758
265,0,14,FeedbackPeriodStarted,1782463126.075655,848.0532376766205
266,0,15,startFixDisplay,1782463127.5830712,849.560658454895
267,0,15,startFixPeriod,1782463127.8368602,849.8144438266754
268,0,15,startWaitForSaccade,1782463128.2200353,850.1976208686829
269,0,15,targetPresented,1782463128.411506,850.3890895843506
270,0,15,blankDurationStart,1782463128.4198458,850.3974313735962
271,0,15,maskStart,1782463128.873577,850.8511605262756
272,0,15,maskEnd,1782463129.3731654,851.3507506847382
273,0,15,LeftResponse,1782463130.1934767,852.1710591316223
274,0,15,EndOfTrial,1782463130.1975453,852.1751306056976
275,0,15,FeedbackPeriodStarted,1782463130.201682,852.1792676448822
276,0,16,startFixDisplay,1782463131.721521,853.699104309082
277,0,16,startFixPeriod,1782463131.9962077,853.9737911224365
278,0,16,startWaitForSaccade,1782463132.3001769,854.2777624130249
279,0,16,targetPresented,1782463133.7115238,855.6891071796417
280,0,16,blankDurationStart,1782463133.7199342,855.6975202560425
281,0,16,maskStart,1782463134.169536,856.1471216678619
282,0,16,maskEnd,1782463134.6733472,856.6509330272675
283,0,16,RightResponse,1782463135.3601694,857.337751865387
284,0,16,EndOfTrial,1782463135.3643677,857.3419504165649
285,0,16,FeedbackPeriodStarted,1782463135.368616,857.3461990356445
286,0,17,startFixDisplay,1782463136.900776,858.878363609314
287,0,17,startFixPeriod,1782463137.142204,859.1197900772095
288,0,17,startWaitForSaccade,1782463137.3503532,859.3279364109039
289,0,17,targetPresented,1782463142.171524,864.1491076946259
290,0,17,blankDurationStart,1782463142.179941,864.1575264930725
291,0,17,maskStart,1782463142.6379547,864.6155405044556
292,0,17,maskEnd,1782463143.1375332,865.1151163578033
293,0,17,LeftResponse,1782463144.6574564,866.6350412368774
294,0,17,EndOfTrial,1782463144.661323,866.6389083862305
295,0,17,FeedbackPeriodStarted,1782463144.6653903,866.6429758071899
296,0,18,startFixDisplay,1782463146.1726003,868.1501836776733
297,0,18,startFixPeriod,1782463146.176777,868.1543622016907
298,0,18,startWaitForSaccade,1782463146.4433758,868.4209613800049
299,0,18,targetPresented,1782463147.017759,868.9953417778015
300,0,18,blankDurationStart,1782463147.0261176,869.0037031173706
301,0,18,maskStart,1782463147.475849,869.4534347057343
302,0,18,maskEnd,1782463147.9754765,869.9530625343323
303,0,18,RightResponse,1782463148.8165815,870.7941637039185
304,0,18,EndOfTrial,1782463148.8205516,870.7981345653534
305,0,18,FeedbackPeriodStarted,1782463148.8246453,870.802227973938
306,0,19,startFixDisplay,1782463150.3861063,872.3636929988861
307,0,19,startFixPeriod,1782463150.390186,872.3677687644958
308,0,19,startWaitForSaccade,1782463150.7857726,872.7633562088013
309,0,19,targetPresented,1782463154.8159628,876.7935485839844
310,0,19,blankDurationStart,1782463154.8242078,876.8017933368683
311,0,19,maskStart,1782463155.2697566,877.2473409175873
312,0,19,maskEnd,1782463155.7693906,877.7469758987427
313,0,19,EndOfTrial,1782463157.78028,879.7578628063202
314,0,19,FeedbackPeriodStarted,1782463157.7842386,879.761821269989
315,0,20,startFixDisplay,1782463159.3165534,881.2941408157349
316,0,20,startFixPeriod,1782463159.4914877,881.4690735340118
317,0,20,startWaitForSaccade,1782463159.8786578,881.8562412261963
318,0,21,startFixDisplay,1782463163.8255198,885.803106546402
319,0,21,startFixPeriod,1782463164.0337152,886.0112986564636
320,0,21,startWaitForSaccade,1782463164.4084833,886.3860688209534
321,0,21,targetPresented,1782463166.0821795,888.0597653388977
322,0,21,blankDurationStart,1782463166.0903773,888.0679605007172
323,0,21,maskStart,1782463166.5359564,888.5135424137115
324,0,21,maskEnd,1782463167.0397792,889.0173647403717
325,0,21,RightResponse,1782463167.4272442,889.4048292636871
326,0,21,EndOfTrial,1782463167.431114,889.4086997509003
327,0,21,FeedbackPeriodStarted,1782463167.435165,889.4127507209778
328,0,22,startFixDisplay,1782463168.942281,890.9198641777039
329,0,22,startFixPeriod,1782463169.1421914,891.1197745800018
330,0,22,startWaitForSaccade,1782463169.4627278,891.4403119087219
331,0,23,startFixDisplay,1782463173.0308833,895.0084698200226
332,0,23,startFixPeriod,1782463173.0475671,895.025152683258
333,0,23,startWaitForSaccade,1782463173.3597314,895.33731508255
334,0,23,targetPresented,1782463178.4141726,900.3917586803436
335,0,23,blankDurationStart,1782463178.4224887,900.4000742435455
336,0,23,maskStart,1782463178.8680115,900.8455970287323
337,0,23,maskEnd,1782463179.3675792,901.3451652526855
338,0,23,RightResponse,1782463179.859161,901.8367459774017
339,0,23,EndOfTrial,1782463179.8629975,901.8405828475952
340,0,23,FeedbackPeriodStarted,1782463179.8670404,901.8446259498596
341,0,24,startFixDisplay,1782463181.3867228,903.3643095493317
342,0,24,startFixPeriod,1782463181.4035275,903.3811130523682
343,0,24,startWaitForSaccade,1782463181.678203,903.655788898468
344,0,24,targetPresented,1782463181.7281516,903.7057368755341
345,0,25,startFixDisplay,1782463185.2504134,907.2279994487762
346,0,25,startFixPeriod,1782463185.2545466,907.232129573822
347,0,25,startWaitForSaccade,1782463185.454402,907.431987285614
348,0,25,targetPresented,1782463185.958325,907.9359111785889
349,0,25,blankDurationStart,1782463185.966626,907.9442119598389
350,0,25,maskStart,1782463186.4204097,908.3979940414429
351,0,25,maskEnd,1782463186.9198887,908.8974740505219
352,0,25,LeftResponse,1782463187.3782368,909.3558192253113
353,0,25,EndOfTrial,1782463187.3821645,909.359747171402
354,0,25,FeedbackPeriodStarted,1782463187.386316,909.3639016151428
355,0,26,startFixDisplay,1782463188.918349,910.8959350585938
356,0,26,startFixPeriod,1782463189.1432512,911.1208372116089
357,0,26,startWaitForSaccade,1782463189.426379,911.4039623737335
358,0,26,targetPresented,1782463189.4929886,911.4705748558044
359,0,26,blankDurationStart,1782463189.5012553,911.4788389205933
360,0,26,maskStart,1782463189.946816,911.9244019985199
361,0,26,maskEnd,1782463190.4463046,912.4238872528076
362,0,26,LeftResponse,1782463190.9462852,912.9238679409027
363,0,26,EndOfTrial,1782463190.9502134,912.9277989864349
364,0,26,FeedbackPeriodStarted,1782463190.9542289,912.9318144321442
365,0,27,startFixDisplay,1782463192.4948843,914.472470998764
366,0,27,startFixPeriod,1782463192.4989352,914.4765205383301
367,0,27,startWaitForSaccade,1782463192.7654884,914.743072271347
368,0,27,targetPresented,1782463198.1571755,920.1347622871399
369,0,27,blankDurationStart,1782463198.1654408,920.1430239677429
370,0,27,maskStart,1782463198.6151679,920.5927541255951
371,0,27,maskEnd,1782463199.1145804,921.0921638011932
372,0,27,LeftResponse,1782463199.8560443,921.8336293697357
373,0,27,EndOfTrial,1782463199.8599029,921.8374886512756
374,0,27,FeedbackPeriodStarted,1782463199.8639154,921.8415009975433
375,0,28,startFixDisplay,1782463201.3795235,923.3571071624756
376,0,28,startFixPeriod,1782463201.4919472,923.4695334434509
377,0,28,startWaitForSaccade,1782463201.7169435,923.6945297718048
378,0,28,targetPresented,1782463204.0648322,926.0424180030823
379,0,28,blankDurationStart,1782463204.0732517,926.0508377552032
380,0,28,maskStart,1782463204.5270708,926.5046565532684
381,0,28,maskEnd,1782463205.026775,927.0043604373932
382,0,28,RightResponse,1782463205.443293,927.4208781719208
383,0,28,EndOfTrial,1782463205.4472387,927.4248244762421
384,0,28,FeedbackPeriodStarted,1782463205.451276,927.4288613796234
385,0,29,startFixDisplay,1782463206.9710667,928.948653459549
386,0,29,startFixPeriod,1782463207.1376154,929.1151995658875
387,0,29,startWaitForSaccade,1782463207.3916547,929.3692405223846
388,0,29,targetPresented,1782463209.6106105,931.5881934165955
389,0,29,blankDurationStart,1782463209.6189182,931.5965039730072
390,0,29,maskStart,1782463210.0770378,932.054624080658
391,0,29,maskEnd,1782463210.5763586,932.5539424419403
392,0,29,LeftResponse,1782463211.1722157,933.1498010158539
393,0,29,EndOfTrial,1782463211.1760936,933.1536793708801
394,0,29,FeedbackPeriodStarted,1782463211.1801412,933.157726764679
395,0,30,startFixDisplay,1782463212.7123575,934.68994140625
396,0,30,startFixPeriod,1782463212.974661,934.9522454738617
397,0,30,startWaitForSaccade,1782463213.178822,935.156408071518
398,0,31,startFixDisplay,1782463216.784222,938.7618086338043
399,0,31,startFixPeriod,1782463216.7883117,938.7658977508545
400,0,31,startWaitForSaccade,1782463217.0590785,939.0366642475128
401,0,31,targetPresented,1782463218.1248446,940.1024279594421
402,0,31,blankDurationStart,1782463218.1332078,940.1107921600342
403,0,31,maskStart,1782463218.5786588,940.5562422275543
404,0,31,maskEnd,1782463219.0781827,941.0557684898376
405,0,31,RightResponse,1782463219.553061,941.5306460857391
406,0,31,EndOfTrial,1782463219.5570476,941.534633398056
407,0,31,FeedbackPeriodStarted,1782463219.5610366,941.5386219024658
408,0,32,startFixDisplay,1782463221.0891948,943.0667815208435
409,0,32,startFixPeriod,1782463221.0933578,943.0709435939789
410,0,32,startWaitForSaccade,1782463221.339065,943.3166513442993
411,0,32,targetPresented,1782463221.3805969,943.358179807663
412,0,32,blankDurationStart,1782463221.3889694,943.3665554523468
413,0,32,maskStart,1782463221.8386009,943.8161852359772
414,0,32,maskEnd,1782463222.3382797,944.3158655166626
415,0,32,RightResponse,1782463223.0585778,945.0361602306366
416,0,32,EndOfTrial,1782463223.0626214,945.0402040481567
417,0,32,FeedbackPeriodStarted,1782463223.066632,945.0442171096802
418,0,33,startFixDisplay,1782463224.5989258,946.5765130519867
419,0,33,startFixPeriod,1782463224.6030266,946.5806128978729
420,0,33,startWaitForSaccade,1782463224.9111865,946.8887724876404
421,0,33,targetPresented,1782463226.4141932,948.3917787075043
422,0,33,blankDurationStart,1782463226.4225254,948.4001109600067
423,0,33,maskStart,1782463226.863754,948.8413374423981
424,0,33,maskEnd,1782463227.3633099,949.340895652771
425,0,33,LeftResponse,1782463227.825692,949.8032743930817
426,0,33,EndOfTrial,1782463227.8295743,949.8071572780609
427,0,33,FeedbackPeriodStarted,1782463227.8338935,949.8114793300629
428,0,34,startFixDisplay,1782463229.3410575,951.3186440467834
429,0,34,startFixPeriod,1782463229.3785427,951.3561284542084
430,0,34,startWaitForSaccade,1782463229.7242002,951.701783657074
431,0,34,targetPresented,1782463229.7322788,951.7098643779755
432,0,34,blankDurationStart,1782463229.7406836,951.7182669639587
433,0,34,maskStart,1782463230.186367,952.1639530658722
434,0,34,maskEnd,1782463230.6857524,952.6633396148682
435,0,34,RightResponse,1782463231.2481792,953.2257645130157
436,0,34,EndOfTrial,1782463231.252072,953.2296578884125
437,0,34,FeedbackPeriodStarted,1782463231.2603652,953.237951040268
438,0,35,startFixDisplay,1782463232.821601,954.7991850376129
439,0,35,startFixPeriod,1782463232.859098,954.8366837501526
440,0,35,startWaitForSaccade,1782463233.2213793,955.1989629268646
441,0,35,targetPresented,1782463234.3621411,956.3397269248962
442,0,35,blankDurationStart,1782463234.3704627,956.3480486869812
443,0,35,maskStart,1782463234.8117914,956.7893755435944
444,0,35,maskEnd,1782463235.3113298,957.2889134883881
445,0,35,LeftResponse,1782463235.8276408,957.8052232265472
446,0,35,EndOfTrial,1782463235.831694,957.8092789649963
447,0,35,FeedbackPeriodStarted,1782463235.8358445,957.8134298324585
448,0,36,startFixDisplay,1782463237.434676,959.4122631549835
449,0,36,startFixPeriod,1782463237.6553516,959.6329374313354
450,0,36,startWaitForSaccade,1782463237.9343748,959.9119589328766
451,0,37,startFixDisplay,1782463243.4465272,965.4241104125977
452,0,37,startFixPeriod,1782463243.4507325,965.4283158779144
453,0,37,startWaitForSaccade,1782463243.771481,965.7490675449371
454,0,37,targetPresented,1782463244.1461365,966.1237225532532
455,0,37,blankDurationStart,1782463244.154453,966.132036447525
456,0,37,maskStart,1782463244.5917025,966.5693199634552
457,0,37,maskEnd,1782463245.0911202,967.0687057971954
458,0,37,LeftResponse,1782463245.553496,967.531078338623
459,0,37,EndOfTrial,1782463245.5575633,967.5351490974426
460,0,37,FeedbackPeriodStarted,1782463245.5616202,967.539205789566
461,0,38,startFixDisplay,1782463247.0730777,969.0506646633148
462,0,38,startFixPeriod,1782463247.3144891,969.2920751571655
463,0,38,startWaitForSaccade,1782463247.6310594,969.608645439148
464,0,38,targetPresented,1782463247.8639774,969.8415629863739
465,0,38,blankDurationStart,1782463247.872354,969.849939584732
466,0,38,maskStart,1782463248.313826,970.291410446167
467,0,38,maskEnd,1782463248.8134098,970.7909932136536
468,0,38,LeftResponse,1782463249.3295646,971.3071472644806
469,0,38,EndOfTrial,1782463249.3338025,971.3113882541656
470,0,38,FeedbackPeriodStarted,1782463249.3377454,971.3153281211853
471,0,39,startFixDisplay,1782463250.8449953,972.8225817680359
472,0,39,startFixPeriod,1782463250.8659232,972.8435089588165
473,0,39,startWaitForSaccade,1782463251.1074622,973.0850474834442
474,0,39,startNoiseCharacterization,1782463643.142672,1365.1202592849731
475,0,39,startNoiseCharacterization,1782463679.7974281,1401.7750117778778
476,0,39,startNoiseCharacterization,1782463713.1588569,1435.136440038681
477,0,39,startNoiseCharacterization,1782463747.1115172,1469.089103460312
478,1,40,startFixDisplay,1782463763.0030031,1484.980586528778
479,1,40,startFixPeriod,1782463763.0198436,1484.997427225113
480,1,40,startWaitForSaccade,1782463763.2197886,1485.197372674942
481,1,40,targetPresented,1782463763.4447265,1485.4223108291626
482,1,40,blankDurationStart,1782463763.4530113,1485.430597782135
483,1,40,maskStart,1782463763.885952,1485.8635380268097
484,1,40,maskEnd,1782463764.3854105,1486.3629968166351
485,1,40,LeftResponse,1782463765.201676,1487.179260969162
486,1,40,EndOfTrial,1782463765.2055886,1487.1831736564636
487,1,40,FeedbackPeriodStarted,1782463765.209765,1487.1873500347137
488,1,41,startFixDisplay,1782463766.8209412,1488.7985274791718
489,1,41,startFixPeriod,1782463766.8252578,1488.8028435707092
490,1,41,startWaitForSaccade,1782463767.0543356,1489.0319213867188
491,1,42,startFixDisplay,1782463774.9313855,1496.908973455429
492,1,42,startFixPeriod,1782463774.9356136,1496.913199186325
493,1,42,startWaitForSaccade,1782463775.2063148,1497.1839008331299
494,1,42,targetPresented,1782463775.805808,1497.783391237259
495,1,42,blankDurationStart,1782463775.814331,1497.7919154167175
496,1,42,maskStart,1782463776.2554276,1498.2330117225647
497,1,42,maskEnd,1782463776.754936,1498.7325217723846
498,1,42,RightResponse,1782463777.009184,1498.9867691993713
499,1,42,EndOfTrial,1782463777.0130332,1498.9906160831451
500,1,42,FeedbackPeriodStarted,1782463777.0172367,1498.9948222637177
501,1,43,startFixDisplay,1782463778.5325778,1500.5101609230042
502,1,43,startFixPeriod,1782463779.0033655,1500.9809515476227
503,1,43,startWaitForSaccade,1782463779.2989357,1501.276519060135
504,1,43,targetPresented,1782463784.7029293,1506.6805131435394
505,1,43,blankDurationStart,1782463784.7114098,1506.6889958381653
506,1,43,maskStart,1782463785.148556,1507.1261422634125
507,1,43,maskEnd,1782463785.6479506,1507.6255366802216
508,1,43,LeftResponse,1782463786.2435696,1508.2211520671844
509,1,43,EndOfTrial,1782463786.2475693,1508.225154876709
510,1,43,FeedbackPeriodStarted,1782463786.2515614,1508.2291440963745
511,1,44,startFixDisplay,1782463787.8213594,1509.7989473342896
512,1,44,startFixPeriod,1782463787.8254087,1509.8029942512512
513,1,44,startWaitForSaccade,1782463788.2170103,1510.1945958137512
514,1,45,startFixDisplay,1782463791.7390354,1513.7166216373444
515,1,45,startFixPeriod,1782463791.7931705,1513.7707562446594
516,1,45,startWaitForSaccade,1782463792.097228,1514.0748138427734
517,1,46,startFixDisplay,1782463800.024234,1522.00182056427
518,1,46,startFixPeriod,1782463800.0282125,1522.0057952404022
519,1,46,startWaitForSaccade,1782463800.244978,1522.222561597824
520,1,46,targetPresented,1782463800.3949459,1522.3725290298462
521,1,46,blankDurationStart,1782463800.4033058,1522.3808917999268
522,1,46,maskStart,1782463800.8569596,1522.8345429897308
523,1,46,maskEnd,1782463801.3567283,1523.3343119621277
524,1,46,LeftResponse,1782463801.9852016,1523.9627842903137
525,1,46,EndOfTrial,1782463801.9893973,1523.9669833183289
526,1,46,FeedbackPeriodStarted,1782463801.9934626,1523.9710478782654
527,1,47,startFixDisplay,1782463803.517401,1525.4949882030487
528,1,47,startFixPeriod,1782463803.5215442,1525.4991409778595
529,1,47,startWaitForSaccade,1782463803.8880916,1525.8656775951385
530,1,47,targetPresented,1782463808.8921971,1530.8697800636292
531,1,47,blankDurationStart,1782463808.9006405,1530.8782262802124
532,1,47,maskStart,1782463809.3379056,1531.3154919147491
533,1,47,maskEnd,1782463809.8375642,1531.8151504993439
534,1,47,LeftResponse,1782463810.4330208,1532.4106061458588
535,1,47,EndOfTrial,1782463810.4369261,1532.4145090579987
536,1,47,FeedbackPeriodStarted,1782463810.441194,1532.4187796115875
537,1,48,startFixDisplay,1782463811.973166,1533.9507496356964
538,1,48,startFixPeriod,1782463811.9774625,1533.9550483226776
539,1,48,startWaitForSaccade,1782463812.310689,1534.288272857666
540,1,48,targetPresented,1782463817.3649318,1539.342517375946
541,1,48,blankDurationStart,1782463817.3733284,1539.3509140014648
542,1,48,maskStart,1782463817.8105533,1539.788138628006
543,1,48,maskEnd,1782463818.3099551,1540.2875385284424
544,1,48,RightResponse,1782463818.9139285,1540.8915107250214
545,1,48,EndOfTrial,1782463818.9179227,1540.8955082893372
546,1,48,FeedbackPeriodStarted,1782463818.921847,1540.8994297981262
547,1,49,startFixDisplay,1782463820.437401,1542.4149873256683
548,1,49,startFixPeriod,1782463820.441637,1542.419222831726
549,1,49,startWaitForSaccade,1782463820.6956754,1542.6732590198517
550,1,49,targetPresented,1782463821.5158875,1543.4934713840485
551,1,49,blankDurationStart,1782463821.524303,1543.5018892288208
552,1,49,maskStart,1782463821.9614844,1543.9390711784363
553,1,49,maskEnd,1782463822.4609694,1544.4385533332825
554,1,49,LeftResponse,1782463822.9150295,1544.8926146030426
555,1,49,EndOfTrial,1782463822.9188292,1544.8964142799377
556,1,49,FeedbackPeriodStarted,1782463822.922969,1544.9005546569824
557,1,50,startFixDisplay,1782463824.5091147,1546.4866979122162
558,1,50,startFixPeriod,1782463824.5134094,1546.4909920692444
559,1,50,startWaitForSaccade,1782463824.87588,1546.8534634113312
560,1,50,targetPresented,1782463827.4194367,1549.39701962471
561,1,50,blankDurationStart,1782463827.4278667,1549.4054498672485
562,1,50,maskStart,1782463827.8651865,1549.8427727222443
563,1,50,maskEnd,1782463828.3648493,1550.342435836792
564,1,50,RightResponse,1782463829.1558018,1551.1333842277527
565,1,50,EndOfTrial,1782463829.1598907,1551.1374764442444
566,1,50,FeedbackPeriodStarted,1782463829.1638017,1551.141384601593
567,1,51,startFixDisplay,1782463830.7085257,1552.686112165451
568,1,51,startFixPeriod,1782463830.7128296,1552.6904153823853
569,1,51,startWaitForSaccade,1782463831.0876052,1553.065191268921
570,1,51,targetPresented,1782463831.2957673,1553.2733533382416
571,1,51,blankDurationStart,1782463831.3040113,1553.2815954685211
572,1,51,maskStart,1782463831.741333,1553.7189195156097
573,1,51,maskEnd,1782463832.2408245,1554.2184083461761
574,1,51,LeftResponse,1782463832.8822527,1554.859837770462
575,1,51,EndOfTrial,1782463832.8860373,1554.8636226654053
576,1,51,FeedbackPeriodStarted,1782463832.8902493,1554.8678348064423
577,1,52,startFixDisplay,1782463834.4848845,1556.4624712467194
578,1,52,startFixPeriod,1782463834.488936,1556.4665188789368
579,1,52,startWaitForSaccade,1782463834.7346587,1556.7122421264648
580,1,52,targetPresented,1782463835.4049978,1557.382583618164
581,1,52,blankDurationStart,1782463835.4133317,1557.3909175395966
582,1,52,maskStart,1782463835.846377,1557.8239631652832
583,1,52,maskEnd,1782463836.3458629,1558.323448896408
584,1,52,LeftResponse,1782463836.9288201,1558.9064028263092
585,1,52,EndOfTrial,1782463836.9330034,1558.9105894565582
586,1,52,FeedbackPeriodStarted,1782463836.9370716,1558.9146568775177
587,1,53,startFixDisplay,1782463838.4607968,1560.4383804798126
588,1,53,startFixPeriod,1782463838.4651322,1560.4427180290222
589,1,53,startWaitForSaccade,1782463838.8605773,1560.8381633758545
590,1,53,targetPresented,1782463839.2935169,1561.2711019515991
591,1,53,blankDurationStart,1782463839.3018198,1561.2794024944305
592,1,53,maskStart,1782463839.7350805,1561.7126665115356
593,1,53,maskEnd,1782463840.2346478,1562.212231874466
594,1,53,RightResponse,1782463840.8177545,1562.7953400611877
595,1,53,EndOfTrial,1782463840.8216338,1562.7992193698883
596,1,53,FeedbackPeriodStarted,1782463840.8255851,1562.8031678199768
597,1,54,startFixDisplay,1782463842.3828144,1564.3603978157043
598,1,54,startFixPeriod,1782463842.5244894,1564.502075433731
599,1,54,startWaitForSaccade,1782463842.8617337,1564.8393173217773
600,1,54,targetPresented,1782463844.368921,1566.3465051651
601,1,54,blankDurationStart,1782463844.377288,1566.3548743724823
602,1,54,maskStart,1782463844.8059032,1566.7834870815277
603,1,54,maskEnd,1782463845.3054867,1567.2830722332
604,1,54,RightResponse,1782463846.0511863,1568.0287718772888
605,1,54,EndOfTrial,1782463846.0548732,1568.0324561595917
606,1,54,FeedbackPeriodStarted,1782463846.0590718,1568.0366568565369
607,1,55,startFixDisplay,1782463847.6078818,1569.5854661464691
608,1,55,startFixPeriod,1782463847.6119516,1569.58953499794
609,1,55,startWaitForSaccade,1782463847.8369331,1569.8145167827606
610,1,55,targetPresented,1782463850.1185422,1572.096127986908
611,1,56,startFixDisplay,1782463853.6406,1575.6181831359863
612,1,56,startFixPeriod,1782463853.6448681,1575.6224508285522
613,1,56,startWaitForSaccade,1782463853.978126,1575.9557116031647
614,1,56,targetPresented,1782463855.905723,1577.8833084106445
615,1,56,blankDurationStart,1782463855.914003,1577.8915886878967
616,1,56,maskStart,1782463856.3429267,1578.3205106258392
617,1,56,maskEnd,1782463856.842403,1578.8199889659882
618,1,56,LeftResponse,1782463857.408822,1579.3864047527313
619,1,56,EndOfTrial,1782463857.4127238,1579.3903093338013
620,1,56,FeedbackPeriodStarted,1782463857.4168956,1579.394481420517
621,1,57,startFixDisplay,1782463858.9241312,1580.901718378067
622,1,57,startFixPeriod,1782463858.9282887,1580.905874490738
623,1,57,startWaitForSaccade,1782463859.248826,1581.2264096736908
624,1,57,targetPresented,1782463864.3033621,1586.2809481620789
625,1,57,blankDurationStart,1782463864.3114908,1586.289074420929
626,1,57,maskStart,1782463864.744541,1586.7221245765686
627,1,57,maskEnd,1782463865.2482605,1587.2258467674255
628,1,57,RightResponse,1782463865.872781,1587.8503634929657
629,1,57,EndOfTrial,1782463865.8768387,1587.8544216156006
630,1,57,FeedbackPeriodStarted,1782463865.8811285,1587.8587143421173
631,1,58,startFixDisplay,1782463867.39246,1589.3700559139252
632,1,58,startFixPeriod,1782463867.396612,1589.374196767807
633,1,58,startWaitForSaccade,1782463867.6008034,1589.5783891677856
634,1,58,targetPresented,1782463869.736477,1591.7140600681305
635,1,59,startFixDisplay,1782463873.2586024,1595.2361857891083
636,1,59,startFixPeriod,1782463873.2629025,1595.2404882907867
637,1,59,startWaitForSaccade,1782463873.4836588,1595.4612443447113
638,1,59,targetPresented,1782463873.7085333,1595.686119556427
639,1,59,blankDurationStart,1782463873.7168853,1595.6944687366486
640,1,59,maskStart,1782463874.141486,1596.1190719604492
641,1,59,maskEnd,1782463874.6409144,1596.6184980869293
642,1,59,RightResponse,1782463875.057633,1597.035218000412
643,1,59,EndOfTrial,1782463875.061494,1597.0390794277191
644,1,59,FeedbackPeriodStarted,1782463875.0655096,1597.0430924892426
645,1,60,startFixDisplay,1782463876.581215,1598.5588023662567
646,1,60,startFixPeriod,1782463876.6935961,1598.671180009842
647,1,60,startWaitForSaccade,1782463877.0558903,1599.033474445343
648,1,60,targetPresented,1782463877.5429466,1599.5205302238464
649,1,60,blankDurationStart,1782463877.5513666,1599.5289528369904
650,1,60,maskStart,1782463877.9759738,1599.9535601139069
651,1,60,maskEnd,1782463878.4754202,1600.453006029129
652,1,60,RightResponse,1782463879.1044261,1601.082011461258
653,1,60,EndOfTrial,1782463879.1083865,1601.085972070694
654,1,60,FeedbackPeriodStarted,1782463879.1123738,1601.0899589061737
655,1,61,startFixDisplay,1782463880.6237562,1602.6013398170471
656,1,61,startFixPeriod,1782463880.6277778,1602.605360507965
657,1,61,startWaitForSaccade,1782463880.9195013,1602.897087097168
658,1,62,startFixDisplay,1782463884.558177,1606.5357632637024
659,1,62,startFixPeriod,1782463884.5624683,1606.540053844452
660,1,62,startWaitForSaccade,1782463884.8628168,1606.840404033661
661,1,62,targetPresented,1782463885.690686,1607.6682693958282
662,1,62,blankDurationStart,1782463885.6989474,1607.6765308380127
663,1,62,maskStart,1782463886.1488492,1608.1264352798462
664,1,62,maskEnd,1782463886.6482038,1608.6257891654968
665,1,62,LeftResponse,1782463887.0438585,1609.0214412212372
666,1,62,EndOfTrial,1782463887.0478563,1609.0254392623901
667,1,62,FeedbackPeriodStarted,1782463887.052197,1609.0297825336456
668,1,63,startFixDisplay,1782463888.5593457,1610.5369327068329
669,1,63,startFixPeriod,1782463888.5635033,1610.541089296341
670,1,63,startWaitForSaccade,1782463888.8632796,1610.8408653736115
671,1,63,targetPresented,1782463894.0675442,1616.0451273918152
672,1,63,blankDurationStart,1782463894.075841,1616.053424835205
673,1,63,maskStart,1782463894.4964614,1616.474047422409
674,1,63,maskEnd,1782463894.9960349,1616.9736211299896
675,1,63,LeftResponse,1782463895.3956287,1617.3732116222382
676,1,63,EndOfTrial,1782463895.3997374,1617.3773202896118
677,1,63,FeedbackPeriodStarted,1782463895.4039638,1617.3815495967865
678,1,64,startFixDisplay,1782463896.9109724,1618.8885555267334
679,1,64,startFixPeriod,1782463896.9150162,1618.8925988674164
680,1,64,startWaitForSaccade,1782463897.1235301,1619.1011159420013
681,1,65,startFixDisplay,1782463900.745465,1622.7230513095856
682,1,65,startFixPeriod,1782463900.7497127,1622.727296113968
683,1,65,startWaitForSaccade,1782463901.032902,1623.0104854106903
684,1,65,targetPresented,1782463905.137919,1627.1155025959015
685,1,65,blankDurationStart,1782463905.146295,1627.1238806247711
686,1,65,maskStart,1782463905.5793555,1627.5569405555725
687,1,65,maskEnd,1782463906.078956,1628.0565395355225
688,1,65,LeftResponse,1782463906.5287797,1628.5063652992249
689,1,65,EndOfTrial,1782463906.532688,1628.5102705955505
690,1,65,FeedbackPeriodStarted,1782463906.536875,1628.514460325241
691,1,66,startFixDisplay,1782463908.0440845,1630.0216710567474
692,1,66,startFixPeriod,1782463908.0481424,1630.0257251262665
693,1,66,startWaitForSaccade,1782463908.3147826,1630.2923665046692
694,1,66,targetPresented,1782463908.3438125,1630.3213956356049
695,1,66,blankDurationStart,1782463908.352212,1630.329797744751
696,1,66,maskStart,1782463908.7810824,1630.758667230606
697,1,66,maskEnd,1782463909.280631,1631.2582168579102
698,1,66,LeftResponse,1782463909.763778,1631.7413606643677
699,1,66,EndOfTrial,1782463909.7677941,1631.7453796863556
700,1,66,FeedbackPeriodStarted,1782463909.7718272,1631.749412536621
701,1,67,startFixDisplay,1782463911.278956,1633.2565422058105
702,1,67,startFixPeriod,1782463911.2831883,1633.260773897171
703,1,67,startWaitForSaccade,1782463911.4872212,1633.4648051261902
704,1,67,targetPresented,1782463911.7413197,1633.7189059257507
705,1,67,blankDurationStart,1782463911.7494888,1633.7270724773407
706,1,67,maskStart,1782463912.170114,1634.1476986408234
707,1,67,maskEnd,1782463912.6696646,1634.6472482681274
708,1,67,RightResponse,1782463913.1528132,1635.1303958892822
709,1,67,EndOfTrial,1782463913.1567688,1635.134351491928
710,1,67,FeedbackPeriodStarted,1782463913.1607792,1635.1383619308472
711,1,68,startFixDisplay,1782463914.6680205,1636.645607471466
712,1,68,startFixPeriod,1782463914.672214,1636.6497995853424
713,1,68,startWaitForSaccade,1782463914.909574,1636.8871598243713
714,1,68,targetPresented,1782463915.0345068,1637.0120928287506
715,1,68,blankDurationStart,1782463915.0428083,1637.0203919410706
716,1,68,maskStart,1782463915.4884098,1637.4659962654114
717,1,68,maskEnd,1782463915.987946,1637.9655294418335
718,1,68,RightResponse,1782463916.4045587,1638.3821411132812
719,1,68,EndOfTrial,1782463916.4084096,1638.385995388031
720,1,68,FeedbackPeriodStarted,1782463916.4124582,1638.3900437355042
721,1,69,startFixDisplay,1782463917.9196584,1639.8972420692444
722,1,69,startFixPeriod,1782463917.9237843,1639.9013669490814
723,1,69,startWaitForSaccade,1782463918.20703,1640.18461561203
724,1,70,startFixDisplay,1782463924.5768602,1646.554446697235
725,1,70,startFixPeriod,1782463924.5811622,1646.5587480068207
726,1,70,startWaitForSaccade,1782463924.9059184,1646.8835020065308
727,1,70,targetPresented,1782463925.9176748,1647.8952610492706
728,1,70,blankDurationStart,1782463925.925868,1647.9034514427185
729,1,70,maskStart,1782463926.3673093,1648.3448951244354
730,1,70,maskEnd,1782463926.866925,1648.8445084095001
731,1,70,RightResponse,1782463927.44173,1649.4193155765533
732,1,70,EndOfTrial,1782463927.4455543,1649.4231400489807
733,1,70,FeedbackPeriodStarted,1782463927.4495978,1649.4271836280823
734,1,71,startFixDisplay,1782463928.9568264,1650.9344100952148
735,1,71,startFixPeriod,1782463928.9611442,1650.9387302398682
736,1,71,startWaitForSaccade,1782463929.2734585,1651.2510442733765
737,1,71,targetPresented,1782463930.1894376,1652.1670246124268
738,1,71,blankDurationStart,1782463930.197757,1652.1753435134888
739,1,71,maskStart,1782463930.6182508,1652.5958368778229
740,1,71,maskEnd,1782463931.117609,1653.095192193985
741,1,71,RightResponse,1782463931.5217683,1653.499350786209
742,1,71,EndOfTrial,1782463931.5257387,1653.503321647644
743,1,71,FeedbackPeriodStarted,1782463931.5298355,1653.5074183940887
744,1,72,startFixDisplay,1782463933.0369298,1655.0145163536072
745,1,72,startFixPeriod,1782463933.041259,1655.0188448429108
746,1,72,startWaitForSaccade,1782463933.2578201,1655.235405921936
747,1,72,targetPresented,1782463933.3826747,1655.3602578639984
748,1,72,blankDurationStart,1782463933.390927,1655.3685114383698
749,1,72,maskStart,1782463933.8281808,1655.8057651519775
750,1,72,maskEnd,1782463934.3276856,1656.3052713871002
751,1,72,RightResponse,1782463934.9479554,1656.9255380630493
752,1,72,EndOfTrial,1782463934.9521208,1656.9297060966492
753,1,72,FeedbackPeriodStarted,1782463934.9562552,1656.9338405132294
754,1,73,startFixDisplay,1782463936.4842954,1658.4618825912476
755,1,73,startFixPeriod,1782463936.4884925,1658.466078042984
756,1,73,startWaitForSaccade,1782463936.767567,1658.7451524734497
757,1,73,targetPresented,1782463937.2505677,1659.228154182434
758,1,73,blankDurationStart,1782463937.2588897,1659.2364733219147
759,1,73,maskStart,1782463937.67522,1659.6528060436249
760,1,73,maskEnd,1782463938.1746016,1660.152187347412
761,1,73,LeftResponse,1782463938.6242583,1660.6018407344818
762,1,73,EndOfTrial,1782463938.628546,1660.6061317920685
763,1,73,FeedbackPeriodStarted,1782463938.6325936,1660.6101789474487
764,1,74,startFixDisplay,1782463940.1397538,1662.1173377037048
765,1,74,startFixPeriod,1782463940.1439195,1662.121502161026
766,1,74,startWaitForSaccade,1782463940.4811726,1662.458755493164
767,1,74,targetPresented,1782463941.2015338,1663.1791195869446
768,1,74,blankDurationStart,1782463941.2098918,1663.1874775886536
769,1,74,maskStart,1782463941.6345959,1663.6121792793274
770,1,74,maskEnd,1782463942.1340127,1664.11159658432
771,1,74,RightResponse,1782463942.5633008,1664.5408861637115
772,1,74,EndOfTrial,1782463942.5671568,1664.54474234581
773,1,74,FeedbackPeriodStarted,1782463942.5711281,1664.5487132072449
774,1,75,startFixDisplay,1782463944.0783803,1666.055967092514
775,1,75,startFixPeriod,1782463944.0825377,1666.0601208209991
776,1,75,startWaitForSaccade,1782463944.4490047,1666.4265885353088
777,1,75,targetPresented,1782463944.8195462,1666.797129869461
778,1,75,blankDurationStart,1782463944.827886,1666.8054695129395
779,1,75,maskStart,1782463945.2608767,1667.2384600639343
780,1,75,maskEnd,1782463945.7604153,1667.7380011081696
781,1,75,RightResponse,1782463946.3058608,1668.2834434509277
782,1,75,EndOfTrial,1782463946.309937,1668.2875196933746
783,1,75,FeedbackPeriodStarted,1782463946.3140905,1668.291676044464
784,1,76,startFixDisplay,1782463947.8253577,1669.802943944931
785,1,76,startFixPeriod,1782463947.8296962,1669.8072819709778
786,1,76,startWaitForSaccade,1782463948.1836832,1670.1612689495087
787,1,77,startFixDisplay,1782463956.410313,1678.3878993988037
788,1,77,startFixPeriod,1782463956.4145734,1678.3921604156494
789,1,77,startWaitForSaccade,1782463956.7436101,1678.7211940288544
790,1,77,targetPresented,1782463961.7477257,1683.7253086566925
791,1,77,blankDurationStart,1782463961.756314,1683.7338998317719
792,1,77,maskStart,1782463962.1768756,1684.1544601917267
793,1,77,maskEnd,1782463962.6764789,1684.654065132141
794,1,77,LeftResponse,1782463963.2178962,1685.1954786777496
795,1,77,EndOfTrial,1782463963.2217877,1685.1993703842163
796,1,77,FeedbackPeriodStarted,1782463963.225872,1685.2034575939178
797,1,78,startFixDisplay,1782463964.7330654,1686.7106523513794
798,1,78,startFixPeriod,1782463964.7373307,1686.7149167060852
799,1,78,startWaitForSaccade,1782463965.0787685,1687.056355714798
800,1,78,targetPresented,1782463970.082876,1692.0604586601257
801,1,78,blankDurationStart,1782463970.0913682,1692.0689539909363
802,1,78,maskStart,1782463970.5120263,1692.4896109104156
803,1,78,maskEnd,1782463971.0116081,1692.9891917705536
804,1,78,LeftResponse,1782463971.440252,1693.41783452034
805,1,78,EndOfTrial,1782463971.444572,1693.4221577644348
806,1,78,FeedbackPeriodStarted,1782463971.4485755,1693.4261581897736
807,1,79,startFixDisplay,1782463972.9640844,1694.9416677951813
808,1,79,startFixPeriod,1782463972.9683657,1694.9459517002106
809,1,79,startWaitForSaccade,1782463973.3306146,1695.3081979751587
810,1,79,startNoiseCharacterization,1782463983.6682065,1705.6457924842834
811,2,80,startFixDisplay,1782463999.8513846,1721.8289709091187
812,2,80,startFixPeriod,1782463999.8556404,1721.8332259654999
813,2,80,startWaitForSaccade,1782464000.0972886,1722.074874639511
814,2,81,startFixDisplay,1782464003.6566203,1725.6342034339905
815,2,81,startFixPeriod,1782464003.6608942,1725.6384770870209
816,2,81,startWaitForSaccade,1782464003.9733138,1725.9508969783783
817,2,81,targetPresented,1782464006.858533,1728.8361160755157
818,2,81,blankDurationStart,1782464006.8667774,1728.844360589981
819,2,81,maskStart,1782464007.2957268,1729.2733113765717
820,2,81,maskEnd,1782464007.7952042,1729.7727899551392
821,2,81,LeftResponse,1782464007.9201598,1729.897742509842
822,2,81,EndOfTrial,1782464007.9243543,1729.901939868927
823,2,81,FeedbackPeriodStarted,1782464007.9283864,1729.9059715270996
824,2,82,startFixDisplay,1782464009.4356456,1731.4132318496704
825,2,82,startFixPeriod,1782464009.4398084,1731.4173908233643
826,2,82,startWaitForSaccade,1782464009.8188312,1731.7964146137238
827,2,82,targetPresented,1782464010.992903,1732.9704866409302
828,2,82,blankDurationStart,1782464011.0011642,1732.9787480831146
829,2,82,maskStart,1782464011.4134662,1733.391052722931
830,2,82,maskEnd,1782464011.912989,1733.890575170517
831,2,82,LeftResponse,1782464012.3712363,1734.3488216400146
832,2,82,EndOfTrial,1782464012.3749843,1734.3525671958923
833,2,82,FeedbackPeriodStarted,1782464012.3792295,1734.3568153381348
834,2,83,startFixDisplay,1782464013.9278364,1735.9054198265076
835,2,83,startFixPeriod,1782464013.9320574,1735.9096429347992
836,2,83,startWaitForSaccade,1782464014.1819775,1736.1595618724823
837,2,83,targetPresented,1782464014.7066941,1736.6842803955078
838,2,83,blankDurationStart,1782464014.7149985,1736.6925823688507
839,2,83,maskStart,1782464015.123044,1737.100628376007
840,2,83,maskEnd,1782464015.62266,1737.6002461910248
841,2,83,LeftResponse,1782464016.0180898,1737.9956722259521
842,2,83,EndOfTrial,1782464016.02219,1737.999775648117
843,2,83,FeedbackPeriodStarted,1782464016.026113,1738.0036957263947
844,2,84,startFixDisplay,1782464017.541864,1739.5194504261017
